Drug_ID,Drug,MW,LogP,HBD,HBA,TPSA,RotBonds,Rings,FractionCSP3,Y
(-)-epicatechin,Oc1cc(O)c2c(c1)OC(c1ccc(O)c(O)c1)C(O)C2,290.271,1.5460999999999998,5,6,110.38000000000001,1,3,0.2,-6.2199998
"(2E,4Z,8Z)-N-isobutyldodeca-2,4,10-triene-8 -ynamide",C/C=C\C#CCC/C=C\C=C\C(=O)NCC(C)C,245.36599999999999,3.2307000000000015,1,1,29.1,6,0,0.4375,-3.8599999
codeine,COc1ccc2c3c1O[C@H]1[C@@H](O)C=C[C@H]4[C@@H](C2)N(C)CC[C@]314,299.3700000000001,1.5010999999999999,1,4,41.93,1,5,0.5555555555555556,-4.0900002
creatinine,CN1CC(=O)NC1=N,113.11999999999999,-1.0172299999999999,2,2,56.190000000000005,0,1,0.5,-5.935409099999998
danazol,C#C[C@]1(O)CC[C@H]2[C@@H]3CCC4=Cc5oncc5C[C@]4(C)[C@H]3CC[C@@]21C,337.46300000000014,4.221000000000004,1,3,46.260000000000005,0,5,0.6818181818181818,-4.8400002
dexamethasone b D glucoside,C[C@@H]1C[C@H]2[C@@H]3CCC4=CC(=O)C=C[C@]4(C)[C@@]3(F)[C@@H](O)C[C@]2(C)[C@@]1(O)C(=O)CO[C@H]1O[C@@H](CO)[C@H](O)[C@@H](O)[C@@H]1O,554.6080000000004,-0.28009999999999885,6,10,173.98,5,5,0.7857142857142857,-6.54
dexamethasone b D glucuronide,C[C@@H]1C[C@H]2[C@@H]3CCC4=CC(=O)C=C[C@]4(C)[C@@]3(F)[C@@H](O)C[C@]2(C)[C@@]1(O)C(=O)CO[C@H]1O[C@@H](C(=O)O)[C@H](O)[C@@H](O)[C@@H]1O,568.5910000000005,-0.18779999999999786,6,10,191.04999999999995,5,5,0.75,-6.119999900000002
DMXAA-G,Cc1ccc2c(=O)c3cccc(CC(=O)OC4OC(C(=O)O)[C@@H](O)[C@@H](O)[C@@H]4O)c3oc2c1C,458.41900000000015,0.5409399999999992,4,9,163.73000000000002,4,4,0.34782608695652173,-6.52
d-praeruptorin,C/C=C(\C)C(=O)O[C@H]1[C@@H](OC(C)=O)c2c(ccc3ccc(=O)oc23)OC1(C)C,386.40000000000015,3.446200000000002,0,7,92.04,3,3,0.38095238095238093,-4.579999900000002
echinacoside,C[C@@H]1O[C@@H](O[C@@H]2[C@@H](O)[C@H](OCCc3ccc(O)c(O)c3)O[C@H](CO[C@@H]3O[C@H](CO)[C@@H](O)[C@H](O)[C@H]3O)[C@H]2OC(=O)/C=C/c2ccc(O)c(O)c2)[C@H](O)[C@H](O)[C@H]1O,786.7330000000005,-3.191699999999994,12,20,324.44,13,5,0.5714285714285714,-6.650000099999999
EF5154,O=C(O)COc1ccc(C(=O)CN2CCN(C3CCNCC3)CC2=O)cc1,375.4250000000001,0.228900000000001,2,6,99.18,7,3,0.5263157894736842,-6.119999900000002
EF5170,CCCCOC(=O)COc1ccc(C(=O)CN2CCN(C3CCNCC3)CC2=O)cc1,431.53300000000024,1.4876000000000007,1,7,88.18,10,3,0.6086956521739131,-5.79
EF5232,CCCCC(C)OC(=O)COc1ccc(C(=O)CN2CCN(C3CCNCC3)CC2=O)cc1,459.5870000000003,2.2662000000000004,1,7,88.18,11,3,0.64,-5.29
EF5242,CCCCCCC(C)OC(=O)COc1ccc(C(=O)CN2CCN(C3CCNCC3)CC2=O)cc1,487.64100000000036,3.046400000000001,1,7,88.18,13,3,0.6666666666666666,-4.7399998
EF5248,CCCCOC(=O)COc1ccc(C(=O)CN2CCN(C3CCN(C(=O)OCc4oc(=O)oc4C)CC3)CC2=O)cc1,587.6260000000003,2.39142,0,11,149.04000000000002,12,4,0.5517241379310345,-4.3499999
EF5249,Cc1oc(=O)oc1COC(=O)N1CCC(N2CCN(CC(=O)c3ccc(OCC(=O)OC4CCCCC4)cc3)C(=O)C2)CC1,613.6640000000001,2.9240200000000005,0,11,149.04,10,5,0.5806451612903226,-4.3099999
EF5251,CCOC(=O)COc1ccc(C(=O)CN2CCN(C3CCN(C(=O)OC(C)OC(C)=O)CC3)CC2=O)cc1,533.5780000000004,1.4655000000000011,0,10,131.99,10,3,0.5769230769230769,-4.2800002
EF5261,O=C(COc1ccc(C(=O)CN2CCN(C3CCN(C(=O)OC/C=C4/OC(=O)c5ccccc54)CC3)CC2=O)cc1)OC1CCCCC1,659.736,4.080700000000003,0,10,131.99,10,6,0.4722222222222222,-4.4000001
EF5264,CC(=O)OC(C)OC(=O)N1CCC(N2CCN(CC(=O)c3ccc(OCC(=O)OC4CCOCC4)cc3)C(=O)C2)CC1,589.6420000000003,1.6246000000000005,0,11,141.22000000000003,10,4,0.6206896551724138,-4.5100002
EF5265,CCOCC(COCC)OC(=O)COc1ccc(C(=O)CN2CCN(C3CCN(C(=O)OC(C)OC(C)=O)CC3)CC2=O)cc1,635.7110000000002,1.8872000000000027,0,12,150.45,16,3,0.6451612903225806,-4.1500001000000015
EF5270,CCOC(=O)COc1ccc(C(=O)CN2CCN(C3CCN(C(=O)OC(OC(C)=O)C(C)(C)C)CC3)CC2=O)cc1,575.6590000000003,2.4917000000000007,0,10,131.99,10,3,0.6206896551724138,-4.02
EF5278,CCOC(=O)COc1ccc(C(=O)CN2CCN(C3CCN(C(=O)OC(OC(=O)C(C)(C)C)C(C)(C)C)CC3)CC2=O)cc1,617.7400000000001,3.5179000000000027,0,10,131.99,10,3,0.65625,-4.0
EF5283,CCOC(=O)COc1ccc(C(=O)CN2CCN(C3CCN(C(=O)OC(C)OC(=O)C(C)(C)C)CC3)CC2=O)cc1,575.6590000000003,2.4917000000000007,0,10,131.99,10,3,0.6206896551724138,-4.1399998999999985
EF5292,CC(C)(C)C(=O)OCOC(=O)N1CCC(N2CCN(CC(=O)c3ccc(OCC(=O)OC4CCCCC4)cc3)C(=O)C2)CC1,615.7240000000002,3.4160000000000013,0,10,131.99000000000004,10,4,0.65625,-4.4400001
elarofiban,O=C(O)C[C@H](NC(=O)[C@@H]1CCCN(C(=O)CCC2CCNCC2)C1)c1cccnc1,416.52200000000016,1.7320000000000004,3,5,111.63000000000001,8,3,0.6363636363636364,-6.21
5-chlorosalicylic acid,O=C(O)c1cc(Cl)ccc1O,172.567,1.7437999999999998,2,2,57.53,1,1,0.0,-4.98
epinephrine,CNC[C@H](O)c1ccc(O)c(O)c1,183.207,0.35060000000000013,4,4,72.72,3,1,0.3333333333333333,-6.125
eriodictyol ,O=C1C[C@@H](c2ccc(O)c(O)c2)Oc2cc(O)cc(O)c21,288.25500000000005,2.215500000000001,4,6,107.22000000000001,1,3,0.13333333333333333,-5.2800002
erythromycin,CC[C@@H]1OC(=O)[C@@H](C)[C@H](O[C@H]2C[C@](C)(OC)[C@@H](O)[C@H](C)O2)[C@@H](C)[C@@H](O[C@H]2O[C@H](C)C[C@@H](N(C)C)[C@H]2O)[C@@](C)(O)C[C@@H](C)C(=O)[C@H](C)[C@@H](O)[C@@]1(C)O,733.9370000000002,1.785600000000004,5,14,193.91,7,3,0.9459459459459459,-5.7800002
famotidine,NC(N)=Nc1nc(CSCCC(N)=NS(N)(=O)=O)cs1,337.456,-0.7679999999999998,4,6,175.82999999999998,7,1,0.375,-6.0700002
fexofenadine,CC(C)(C(=O)O)c1ccc(C(O)CCCN2CCC(C(O)(c3ccccc3)c3ccccc3)CC2)cc1,501.66700000000014,5.510500000000006,3,4,81.0,10,4,0.40625,-6.5100002
fexofenadine hydrochloride,CC(C)(C(=O)O)c1ccc(C(O)CCCN2CCC(C(O)(c3ccccc3)c3ccccc3)CC2)cc1.Cl,538.1280000000002,5.932300000000009,3,4,81.0,10,4,0.40625,-5.6999998
fluparoxan,Fc1cccc2c1O[C@H]1CNC[C@@H]1O2,195.19299999999998,0.9373,1,3,30.49,0,3,0.4,-4.0999998999999985
AACV,C=C1NC(N)=Nc2c1ncn2COCCOC(=O)[C@@H](C)N,294.315,-0.7322999999999984,3,9,129.78,6,2,0.4166666666666667,-5.6900001
glycerol,OCC(O)CO,92.09400000000001,-1.6681000000000001,3,3,60.69,2,0,1.0,-4.829999900000002
glycine-valine acyclovir,CC(=O)C(NC(=O)CN)c1ccc(O)cc1,222.244,0.09720000000000012,3,4,92.42,4,1,0.2727272727272727,-5.2800002
guanabenz,NC(N)=N/N=C/c1c(Cl)cccc1Cl,231.086,1.6007000000000005,2,2,76.76,2,1,0.0,-4.6799998
hesperetin ,COc1ccc([C@@H]2CC(=O)c3c(O)cc(O)cc3O2)cc1O,302.28200000000004,2.518500000000001,3,6,96.22000000000001,2,3,0.1875,-4.7399998
hexapeptide 01,C[C@@H]1NC(=O)[C@H](C)NC(=O)[C@@H](C)NC(=O)[C@H](C)NC(=O)[C@@H](C)N(C)C(=O)[C@@H](C)NC1=O,440.5010000000002,-2.629599999999992,5,6,165.81,0,1,0.6842105263157895,-5.8200002
hexapeptide 03,C[C@@H]1NC(=O)[C@H](C)NC(=O)[C@@H](C)N(C)C(=O)[C@H](C)NC(=O)[C@@H](C)NC(=O)[C@@H](C)NC1=O,440.50100000000015,-2.629599999999992,5,6,165.81,0,1,0.6842105263157895,-5.8200002
hexapeptide 05,C[C@@H]1NC(=O)[C@@H](C)NC(=O)[C@@H](C)NC(=O)[C@H](C)N(C)C(=O)[C@H](C)NC(=O)[C@@H](C)NC1=O,440.5010000000002,-2.629599999999993,5,6,165.81,0,1,0.6842105263157895,-5.8200002
hexapeptide 06,C[C@@H]1NC(=O)[C@@H](C)NC(=O)[C@H](C)NC(=O)[C@@H](C)NC(=O)[C@@H](C)N(C)C(=O)[C@H](C)NC1=O,440.5010000000002,-2.629599999999992,5,6,165.81,0,1,0.6842105263157895,-5.8200002
hexapeptide 07,C[C@@H]1NC(=O)[C@H](C)NC(=O)[C@@H](C)NC(=O)[C@H](C)N(C)C(=O)[C@@H](C)N(C)C(=O)[C@@H](C)NC1=O,454.52800000000025,-2.287399999999992,4,6,157.02,0,1,0.7,-5.8200002
hexapeptide 08,C[C@@H]1NC(=O)[C@H](C)NC(=O)[C@@H](C)N(C)C(=O)[C@H](C)NC(=O)[C@@H](C)N(C)C(=O)[C@@H](C)NC1=O,454.5280000000002,-2.287399999999991,4,6,157.02,0,1,0.7,-5.8200002
hexapeptide 09,C[C@@H]1NC(=O)[C@H](C)N(C)C(=O)[C@@H](C)NC(=O)[C@H](C)NC(=O)[C@@H](C)N(C)C(=O)[C@@H](C)NC1=O,454.5280000000002,-2.287399999999991,4,6,157.02,0,1,0.7,-5.3000002
aceclofenac,O=C(O)COC(=O)Cc1ccccc1Nc1c(Cl)cccc1Cl,354.1890000000001,3.907300000000002,2,4,75.63,6,2,0.125,-4.4099998
hexapeptide 12,C[C@@H]1NC(=O)[C@H](C)NC(=O)[C@@H](C)N(C)C(=O)[C@H](C)N(C)C(=O)[C@@H](C)NC(=O)[C@@H](C)NC1=O,454.5280000000002,-2.287399999999992,4,6,157.01999999999998,0,1,0.7,-5.8200002
hexapeptide 13,C[C@@H]1NC(=O)[C@H](C)N(C)C(=O)[C@@H](C)NC(=O)[C@H](C)N(C)C(=O)[C@@H](C)NC(=O)[C@@H](C)NC1=O,454.5280000000002,-2.287399999999992,4,6,157.01999999999998,0,1,0.7,-5.8200002
hexapeptide 14,C[C@@H]1NC(=O)[C@@H](C)NC(=O)[C@H](C)N(C)C(=O)[C@@H](C)NC(=O)[C@@H](C)NC(=O)[C@H](C)N(C)C1=O,454.5280000000002,-2.287399999999991,4,6,157.02,0,1,0.7,-5.8200002
hexapeptide 18,C[C@@H]1NC(=O)[C@@H](C)N(C)C(=O)[C@H](C)NC(=O)[C@@H](C)NC(=O)[C@@H](C)N(C)C(=O)[C@H](C)NC1=O,454.5280000000002,-2.287399999999991,4,6,157.02,0,1,0.7,-5.3000002
hexapeptide 20,C[C@@H]1NC(=O)[C@@H](C)NC(=O)[C@@H](C)N(C)C(=O)[C@H](C)NC(=O)[C@H](C)N(C)C(=O)[C@@H](C)NC1=O,454.5280000000002,-2.287399999999991,4,6,157.02,0,1,0.7,-5.8200002
acetaminophen,CC(=O)Nc1ccc(O)cc1,151.165,1.3505999999999998,2,2,49.33,1,1,0.125,-4.4400001
hexapeptide 22,C[C@@H]1NC(=O)[C@H](C)NC(=O)[C@@H](C)N(C)C(=O)[C@H](C)N(C)C(=O)[C@@H](C)N(C)C(=O)[C@@H](C)NC1=O,468.55500000000023,-1.945199999999991,3,6,148.23,0,1,0.7142857142857143,-5.8200002
hexapeptide 23,C[C@@H]1NC(=O)[C@H](C)N(C)C(=O)[C@@H](C)NC(=O)[C@H](C)N(C)C(=O)[C@@H](C)N(C)C(=O)[C@@H](C)NC1=O,468.55500000000023,-1.945199999999991,3,6,148.23,0,1,0.7142857142857143,-5.8200002
hexapeptide 24,C[C@@H]1NC(=O)[C@@H](C)NC(=O)[C@H](C)N(C)C(=O)[C@@H](C)N(C)C(=O)[C@@H](C)NC(=O)[C@H](C)N(C)C1=O,468.55500000000023,-1.9451999999999912,3,6,148.23,0,1,0.7142857142857143,-5.8200002
hexapeptide 25,C[C@@H]1NC(=O)[C@@H](C)NC(=O)[C@H](C)N(C)C(=O)[C@@H](C)N(C)C(=O)[C@@H](C)N(C)C(=O)[C@H](C)NC1=O,468.55500000000023,-1.945199999999991,3,6,148.23,0,1,0.7142857142857143,-5.8200002
hexapeptide 26,C[C@@H]1NC(=O)[C@H](C)N(C)C(=O)[C@@H](C)N(C)C(=O)[C@H](C)NC(=O)[C@@H](C)N(C)C(=O)[C@@H](C)NC1=O,468.5550000000002,-1.94519999999999,3,6,148.23,0,1,0.7142857142857143,-5.3000002
hexapeptide 27,C[C@@H]1NC(=O)[C@@H](C)N(C)C(=O)[C@H](C)NC(=O)[C@@H](C)N(C)C(=O)[C@@H](C)N(C)C(=O)[C@H](C)NC1=O,468.55500000000023,-1.945199999999991,3,6,148.23,0,1,0.7142857142857143,-5.3000002
hexapeptide 28,C[C@@H]1NC(=O)[C@@H](C)N(C)C(=O)[C@@H](C)NC(=O)[C@H](C)N(C)C(=O)[C@H](C)N(C)C(=O)[C@@H](C)NC1=O,468.55500000000023,-1.945199999999991,3,6,148.23,0,1,0.7142857142857143,-5.0
hexapeptide 29,C[C@@H]1NC(=O)[C@@H](C)N(C)C(=O)[C@@H](C)N(C)C(=O)[C@H](C)NC(=O)[C@H](C)N(C)C(=O)[C@@H](C)NC1=O,468.5550000000002,-1.94519999999999,3,6,148.23,0,1,0.7142857142857143,-5.8200002
hexapeptide 32,C[C@@H]1NC(=O)[C@@H](C)N(C)C(=O)[C@H](C)N(C)C(=O)[C@@H](C)NC(=O)[C@@H](C)NC(=O)[C@H](C)N(C)C1=O,468.5550000000002,-1.9451999999999903,3,6,148.23,0,1,0.7142857142857143,-5.8200002
hexapeptide 33,C[C@@H]1NC(=O)[C@@H](C)N(C)C(=O)[C@H](C)N(C)C(=O)[C@@H](C)NC(=O)[C@@H](C)N(C)C(=O)[C@H](C)NC1=O,468.5550000000002,-1.94519999999999,3,6,148.23,0,1,0.7142857142857143,-5.8200002
hexapeptide 34,C[C@H]1C(=O)N[C@H](C)C(=O)N[C@H](C)C(=O)N(C)[C@@H](C)C(=O)N[C@H](C)C(=O)N(C)[C@@H](C)C(=O)N1C,468.55500000000023,-1.945199999999992,3,6,148.23000000000002,0,1,0.7142857142857143,-5.8200002
hexapeptide 37,C[C@@H]1NC(=O)[C@@H](C)NC(=O)[C@@H](C)NC(=O)[C@H](C)N(C)C(=O)[C@H](C)N(C)C(=O)[C@@H](C)N(C)C1=O,468.5550000000003,-1.9451999999999912,3,6,148.23000000000002,0,1,0.7142857142857143,-5.8200002
hexapeptide 38,C[C@@H]1NC(=O)[C@H](C)N(C)C(=O)[C@@H](C)N(C)C(=O)[C@H](C)NC(=O)[C@@H](C)NC(=O)[C@@H](C)N(C)C1=O,468.5550000000002,-1.9451999999999903,3,6,148.23,0,1,0.7142857142857143,-5.8200002
hexapeptide 41,C[C@@H]1NC(=O)[C@H](C)N(C)C(=O)[C@@H](C)N(C)C(=O)[C@H](C)N(C)C(=O)[C@@H](C)N(C)C(=O)[C@@H](C)NC1=O,482.5820000000002,-1.6029999999999904,2,6,139.44,0,1,0.7272727272727273,-5.2600002
hexapeptide 42,C[C@@H]1NC(=O)[C@@H](C)N(C)C(=O)[C@H](C)N(C)C(=O)[C@@H](C)N(C)C(=O)[C@@H](C)NC(=O)[C@H](C)N(C)C1=O,482.5820000000002,-1.6029999999999909,2,6,139.44,0,1,0.7272727272727273,-5.8200002
hexapeptide 47,C[C@@H]1NC(=O)[C@@H](C)N(C)C(=O)[C@@H](C)NC(=O)[C@H](C)N(C)C(=O)[C@H](C)N(C)C(=O)[C@@H](C)N(C)C1=O,482.5820000000003,-1.6029999999999909,2,6,139.44,0,1,0.7272727272727273,-5.3000002
hexapeptide 48,C[C@@H]1NC(=O)[C@@H](C)N(C)C(=O)[C@@H](C)N(C)C(=O)[C@H](C)NC(=O)[C@H](C)N(C)C(=O)[C@@H](C)N(C)C1=O,482.5820000000002,-1.60299999999999,2,6,139.44,0,1,0.7272727272727273,-5.3000002
hexapeptide 52,C[C@H]1C(=O)N(C)[C@H](C)C(=O)N[C@H](C)C(=O)N(C)[C@@H](C)C(=O)N[C@H](C)C(=O)N(C)[C@@H](C)C(=O)N1C,482.5820000000003,-1.6029999999999918,2,6,139.44,0,1,0.7272727272727273,-4.6999998
hexapeptide 53,C[C@@H]1NC(=O)[C@@H](C)NC(=O)[C@@H](C)N(C)C(=O)[C@H](C)N(C)C(=O)[C@H](C)N(C)C(=O)[C@@H](C)N(C)C1=O,482.5820000000003,-1.6029999999999909,2,6,139.44,0,1,0.7272727272727273,-5.3000002
hexapeptide 54,C[C@@H]1NC(=O)[C@@H](C)N(C)C(=O)[C@H](C)N(C)C(=O)[C@@H](C)NC(=O)[C@@H](C)N(C)C(=O)[C@H](C)N(C)C1=O,482.5820000000002,-1.60299999999999,2,6,139.44,0,1,0.7272727272727273,-5.0
hexapeptide 55,C[C@@H]1NC(=O)[C@@H](C)N(C)C(=O)[C@H](C)NC(=O)[C@@H](C)N(C)C(=O)[C@@H](C)N(C)C(=O)[C@H](C)N(C)C1=O,482.5820000000003,-1.6029999999999909,2,6,139.44,0,1,0.7272727272727273,-5.3000002
hexapeptide 56,C[C@H]1C(=O)N(C)[C@H](C)C(=O)N[C@H](C)C(=O)N(C)[C@@H](C)C(=O)N(C)[C@H](C)C(=O)N(C)[C@@H](C)C(=O)N1C,496.6090000000003,-1.2607999999999915,1,6,130.65,0,1,0.7391304347826086,-5.0999999
hexapeptide 57,C[C@@H]1NC(=O)[C@@H](C)N(C)C(=O)[C@@H](C)N(C)C(=O)[C@H](C)N(C)C(=O)[C@H](C)N(C)C(=O)[C@@H](C)N(C)C1=O,496.60900000000026,-1.2607999999999906,1,6,130.65,0,1,0.7391304347826086,-5.1500001
hexapeptide 58,C[C@H]1C(=O)N(C)[C@H](C)C(=O)N(C)[C@H](C)C(=O)N(C)[C@@H](C)C(=O)N[C@H](C)C(=O)N(C)[C@@H](C)C(=O)N1C,496.60900000000026,-1.2607999999999915,1,6,130.65,0,1,0.7391304347826086,-5.3000002
hexapeptide 59,C[C@@H]1NC(=O)[C@@H](C)N(C)C(=O)[C@H](C)N(C)C(=O)[C@@H](C)N(C)C(=O)[C@@H](C)N(C)C(=O)[C@H](C)N(C)C1=O,496.60900000000026,-1.2607999999999906,1,6,130.65,0,1,0.7391304347826086,-5.3000002
hexapeptide 60,C[C@H]1C(=O)N[C@H](C)C(=O)N(C)[C@H](C)C(=O)N(C)[C@@H](C)C(=O)N(C)[C@H](C)C(=O)N(C)[C@@H](C)C(=O)N1C,496.60900000000026,-1.2607999999999915,1,6,130.65,0,1,0.7391304347826086,-5.3000002
hydralazine,NNc1nncc2ccccc12,160.17999999999998,0.9153999999999998,2,4,63.83,1,2,0.0,-5.170000099999998
hydrocortisone,C[C@]12C[C@@H](O)[C@@H]3[C@@H](CCC4=CC(=O)CC[C@@]43C)[C@H]1CC[C@@]2(O)C(=O)CO,362.4660000000002,1.7815999999999996,3,5,94.83,2,4,0.8095238095238095,-4.6599998
IACV,C=C1NC(N)=Nc2c1ncn2COCCOC(=O)[C@H](N)[C@H](C)CC,336.3960000000001,0.2939000000000007,3,9,129.78,8,2,0.5333333333333333,-5.6799998
alminoprofen,C=C(C)CNc1ccc(C(C)C(=O)O)cc1,219.28399999999996,2.8627000000000002,2,2,49.33,5,1,0.3076923076923077,-4.3400002
imipramine,CN(C)CCCN1c2ccccc2CCc2ccccc21,280.415,3.8750000000000027,0,2,6.48,4,3,0.3684210526315789,-4.8509998
indomethacin,COc1ccc2c(c1)c(CC(=O)O)c(C)n2C(=O)c1ccc(Cl)cc1,357.793,3.9273200000000026,1,4,68.53,4,3,0.15789473684210525,-4.6900001
isoquercitrin ,O=c1c(OC2C(O)OC(CO)C(O)C2O)c(-c2ccc(O)c(O)c2)oc2cc(O)cc(O)c12,464.3790000000002,-0.5388999999999995,8,12,210.51,4,4,0.2857142857142857,-6.170000099999998
ketoconazole,CC(=O)N1CCN(c2ccc(OC[C@H]3CO[C@](Cn4ccnc4)(c4ccc(Cl)cc4Cl)O3)cc2)CC1,531.4399999999999,4.205800000000003,0,7,69.06,7,5,0.38461538461538464,-4.9299998
lamotrigine,Nc1nnc(-c2cccc(Cl)c2Cl)c(N)n1,256.09599999999995,2.0098,2,5,90.71,1,2,0.0,-4.3899999
lansoprazole,Cc1c(OCC(F)(F)F)ccnc1CS(=O)c1nc2ccccc2[nH]1,369.3680000000001,3.515220000000001,1,4,67.87,5,3,0.25,-4.1100001000000015
Liquiritin apioside ,O=c1cc(-c2ccc(O)cc2)oc2cc(O[C@@H]3O[C@H](CO)[C@@H](O)[C@H](O)[C@H]3O[C@@H]3OC[C@](O)(CO)[C@H]3O)cc(O)c12,564.4960000000002,-1.4851999999999999,8,14,228.96999999999994,7,5,0.4230769230769231,-7.119999900000002
lisinopril,NCCCC[C@H](N[C@@H](CCc1ccccc1)C(=O)O)C(=O)N1CCC[C@H]1C(=O)O,405.49500000000023,1.2352000000000007,4,5,132.95999999999998,12,2,0.5714285714285714,-7.389999900000001
loracarbef,N[C@@H](C(=O)N[C@@H]1C(=O)N2C(C(=O)O)=C(Cl)CC[C@H]12)c1ccccc1.O,367.7890000000001,-0.11389999999999956,3,4,144.23000000000002,4,3,0.3125,-7.3400002
amfenac sodium,Nc1c(CC(=O)[O-])cccc1C(=O)c1ccccc1.O.[Na+],295.27000000000004,-3.0284999999999984,1,4,114.72,4,2,0.06666666666666667,-4.52
LY366659,CC(C)S(=O)(=O)n1c(N)nc2ccc(/C(=C/C(N)=O)c3c(F)c(F)cc(F)c3F)cc21,456.42100000000016,2.6782000000000004,2,6,121.07,5,3,0.15789473684210525,-4.1999998
LY366799,CC(C)S(=O)(=O)n1c(N)nc2ccc(/C(=C/C(N)=O)c3ccccc3F)cc21,402.45100000000014,2.2609000000000004,2,6,121.07,5,3,0.15789473684210525,-4.54
LY366853,C.CC(C)n1c(N)nc2ccc(/C(=C/C(N)=O)c3cccc(F)c3F)cc21,372.4190000000001,4.030700000000002,2,4,86.93,4,3,0.2,-5.3000002
LY366856,CC(C)S(=O)(=O)n1c(N)nc2ccc(/C(=C/C(N)=O)c3ccc(F)c(F)c3F)cc21,438.43100000000015,2.5391000000000004,2,6,121.07,5,3,0.15789473684210525,-4.329999900000002
meloxicam,Cc1cnc(NC(=O)C2=C(O)c3ccccc3S(=O)(=O)N2C)s1,351.4090000000001,1.95092,2,6,99.59999999999998,2,3,0.14285714285714285,-4.71
methylscopolamine,C[N+]1(C)[C@H]2CC(OC(=O)[C@H](CO)c3ccccc3)C[C@H]1C1OC12.[Br-],398.2970000000001,-1.9332999999999958,1,4,59.06,4,4,0.6111111111111112,-6.1599998
metolazone,Cc1ccccc1N1C(=O)c2cc(S(N)(=O)=O)c(Cl)cc2NC1C,365.8420000000001,2.714120000000001,2,4,92.5,2,3,0.1875,-5.21
amoxicillin,CC1(C)S[C@@H]2[C@H](NC(=O)[C@H](N)c3ccc(O)cc3)C(=O)N2[C@H]1C(=O)O,365.4110000000001,0.023700000000000443,4,6,132.96,4,3,0.4375,-6.1524997
nadalol,CC(C)(C)NCC(O)COc1cccc2c1CC(O)C(O)C2,309.406,0.6347999999999998,4,5,81.95,5,2,0.6470588235294118,-5.4109998
naproxen,COc1ccc2cc([C@H](C)C(=O)O)ccc2c1,230.26299999999998,3.036500000000001,1,2,46.53,3,2,0.21428571428571427,-4.6599998
naproxen sodium,COc1ccc2cc(C(C)C(=O)[O-])ccc2c1.[Na+],252.24499999999998,-1.2941999999999987,0,3,49.36,3,2,0.21428571428571427,-4.329999900000002
naringenin,O=C1C[C@@H](c2ccc(O)cc2)Oc2cc(O)cc(O)c21,272.25600000000003,2.5099000000000014,3,5,86.99000000000001,1,3,0.13333333333333333,-4.6550002
N-carbobenzoxy-tryptophan,O=C(NC(Cc1c[nH]c2ccccc12)C(=O)O)OCc1ccccc1,338.3630000000001,3.0900000000000007,3,3,91.42,6,3,0.15789473684210525,-5.8000002
N-desmethylclozapine,Clc1ccc2c(c1)N=C(N1CCNCC1)c1ccccc1N2,312.804,3.3805000000000023,2,4,39.66,0,4,0.23529411764705882,-4.6799998
neolignan smi02,C/C=C/c1cc(OC)c2c(c1)C(C)C(c1cc(OC)c(O)c(OC)c1)O2,356.4180000000001,4.688300000000005,1,5,57.150000000000006,5,3,0.3333333333333333,-5.3400002
neolignan smi05,C=CCc1cc(OC)c(OC(C)Cc2cc(OC)c(OC)c(OC)c2)c(OC)c1,402.48700000000014,4.468100000000004,0,6,55.38000000000001,11,2,0.391304347826087,-4.73
ampicillin,CC1(C)S[C@@H]2[C@H](NC(=O)[C@H](N)c3ccccc3)C(=O)N2[C@H]1C(=O)O,349.4120000000001,0.3181000000000002,3,5,112.73,4,3,0.4375,-5.6999998
neolignan smi08,C=CCc1cc(OC)c(OC(C)C(O)c2cc(OC)c(OC)c(OC)c2)c(OC)c1,418.4860000000002,3.959000000000003,1,7,75.61000000000001,11,2,0.391304347826087,-4.5500002
neolignan smi09,C=CCc1cc(OC)c(OC(C)C(O)c2ccc(O)c(OC)c2)c(OC)c1,374.4330000000001,3.647400000000003,2,6,77.38000000000001,9,2,0.3333333333333333,-4.5100002
oxacillin,Cc1onc(-c2ccccc2Cl)c1C(=O)N[C@@H]1C(=O)N2[C@@H](C(=O)O)C(C)(C)S[C@H]12,435.8890000000002,2.5487200000000003,2,6,112.74,4,4,0.3684210526315789,-5.579999900000002
oxprenolol ester,C=CCOc1ccccc1OC[C@@H](CNC(C)C)OC(=O)C1CC1,333.4280000000001,2.950000000000001,1,5,56.79,11,2,0.5263157894736842,-4.545000099999998
PNU200001,N=C(N)c1ccc2[nH]c(Cc3nc4ccccc4[nH]3)nc2c1,290.33000000000004,2.31407,4,3,107.23,3,4,0.0625,-6.6999998
PNU200647,N/C(=N/O)c1ccc2[nH]c(-c3ccccn3)nc2c1,253.26500000000001,1.7193999999999998,3,4,100.18,2,3,0.0,-4.6500001
PNU200648,Cc1ccnc2nc(Cc3nc4cc(C(=N)N)ccc4[nH]3)[nH]c12,305.345,2.01749,4,4,120.12,3,4,0.125,-7.0500002
PNU200969,CCOC(=O)NC(=N)c1ccc2[nH]c(Cc3nc4ccccc4[nH]3)nc2c1,362.39300000000003,3.101470000000001,4,5,119.54,4,4,0.15789473684210525,-6.1500001
pravastatin,CC[C@H](C)C(=O)O[C@H]1C[C@H](O)C=C2C=C[C@H](C)[C@H](CC[C@@H](O)C[C@@H](O)CC(=O)O)[C@H]21,424.5340000000002,2.4404000000000003,4,6,124.29,10,2,0.7391304347826086,-5.8400002
prazosin,COc1cc2nc(N3CCN(C(=O)c4ccco4)CC3)nc(N)c2cc1OC,383.40800000000024,1.7845999999999997,1,8,106.95,4,4,0.3157894736842105,-4.987
prednisolone,C[C@]12C[C@H](O)[C@H]3[C@@H](CCC4=CC(=O)C=C[C@@]43C)[C@@H]1CC[C@]2(O)C(=O)CO,360.4500000000002,1.5575999999999999,3,5,94.83,2,4,0.7142857142857143,-4.7199998
preladenant,COCCOc1ccc(N2CCN(CCn3ncc4c3nc(N)n3nc(-c5ccco5)nc43)CC2)cc1,503.56700000000023,2.1635999999999997,1,12,125.0,9,6,0.36,-5.3499999
propranolol ester,CC(C)NC[C@H](COc1cccc2ccccc12)OC(=O)C1CC1,327.42400000000015,3.538400000000002,1,4,47.56,8,3,0.45,-4.5100002
puerarin ,O=c1c(-c2ccc(O)cc2)coc2c([C@@H]3O[C@H](CO)[C@@H](O)[C@H](O)[C@H]3O)c(O)ccc12,416.38200000000006,0.3860999999999998,6,9,160.82,3,4,0.2857142857142857,-6.4000001
quinidine,C=C[C@H]1CN2CC[C@H]1C[C@@H]2[C@@H](O)c1ccnc2ccc(OC)cc12,324.4240000000001,3.1732000000000014,1,4,45.59,4,5,0.45,-4.6900001
raffinose,OC[C@H]1O[C@@](CO)(O[C@H]2O[C@H](CO[C@H]3O[C@H](CO)[C@H](O)[C@H](O)[C@H]3O)[C@@H](O)[C@H](O)[C@H]2O)[C@@H](O)[C@@H]1O,504.43800000000005,-7.571399999999989,11,16,268.67999999999995,8,3,1.0,-7.619999900000002
artesunate,C[C@@H]1CC[C@H]2[C@@H](C)[C@H](OC(=O)CCC(=O)O)O[C@@H]3O[C@@]4(C)CC[C@@H]1[C@@]23OO4,384.4250000000002,2.6024000000000003,1,7,100.52000000000002,4,5,0.8947368421052632,-5.4000001
rapamycin,CO[C@H]1C[C@@H]2CC[C@@H](C)[C@@](O)(O2)C(=O)C(=O)N2CCCC[C@H]2C(=O)O[C@H]([C@H](C)C[C@@H]2CC[C@@H](O)[C@H](OC)C2)CC(=O)[C@H](C)/C=C(\C)[C@@H](O)[C@@H](OC)C(=O)[C@H](C)C[C@H](C)/C=C/C=C/C=C/1C,914.187,6.180600000000006,3,13,195.42999999999995,6,4,0.7450980392156863,-4.96
SACV,C=C1NC(N)=Nc2c1ncn2COCCOC(=O)[C@H](N)CO,310.314,-1.7598999999999974,4,10,150.01,7,2,0.4166666666666667,-5.329999900000002
scopolamine,CN1[C@H]2CC(OC(=O)[C@H](CO)c3ccccc3)C[C@@H]1[C@H]1O[C@@H]21,303.358,0.9180999999999995,1,5,62.3,4,4,0.5882352941176471,-4.928
serotonin,NCCc1c[nH]c2ccc(O)cc12,176.21899999999997,1.3747,3,2,62.040000000000006,2,2,0.2,-4.8600001
sildenafil,CCCc1nn(C)c2c(=O)nc(-c3cc(S(=O)(=O)N4CCN(C)CC4)ccc3OCC)[nH]c12,474.58700000000033,1.6109,1,8,113.41999999999999,7,4,0.5,-4.5100002
atropine,CN1[C@H]2CC[C@@H]1CC(OC(=O)C(CO)c1ccccc1)C2,289.37500000000006,1.9308999999999996,1,4,49.769999999999996,4,3,0.5882352941176471,-4.6999998
sulfadiazine,Nc1ccc(S(=O)(=O)Nc2ncccn2)cc1,250.28300000000004,0.8596000000000001,2,5,97.97,3,2,0.0,-4.75
sulfasalazine,O=C(O)c1cc(/N=N/c2ccc(S(=O)(=O)Nc3ccccn3)cc2)ccc1O,398.4000000000001,3.7016000000000013,3,7,141.31,6,3,0.0,-5.378171
tenidap,NC(=O)N1C(=O)C(C(=O)c2cccs2)c2cc(Cl)ccc21,320.757,2.7933000000000012,1,4,80.47,2,3,0.07142857142857142,-4.5700002
tenoxicam,COc1cc2nc(N3CCN(C(=O)C4CCCO4)CC3)nc(N)c2cc1OC,387.44000000000017,1.0567999999999995,1,8,103.04,4,4,0.5263157894736842,-4.6100001
theophylline,Cn1c(=O)c2[nH]cnc2n(C)c1=O,180.16699999999997,-1.0397000000000005,1,5,72.68,0,2,0.2857142857142857,-4.3499999
tiotidine,C/N=C(\NC#N)NCCSCc1csc(N=C(N)N)n1,312.42800000000005,-0.07271999999999912,4,6,137.5,6,1,0.4,-5.880000099999998
tryptophan,NC(Cc1c[nH]c2ccccc12)C(=O)O,204.22899999999998,1.1223000000000003,3,2,79.11,3,2,0.18181818181818182,-5.3899999
tryptophanamide,NC(=O)C(N)Cc1c[nH]c2ccccc12,203.245,0.5230000000000001,3,2,84.9,3,2,0.18181818181818182,-4.920000099999998
ursolic acid,C[C@@H]1[C@H]2C3=CC[C@@H]4[C@@]5(C)CC[C@H](O)C(C)(C)[C@@H]5CC[C@@]4(C)[C@]3(C)CC[C@@]2(C(=O)O)CC[C@H]1C,456.71100000000035,7.089500000000008,2,2,57.53,1,5,0.9,-5.5500002
VACV,C=C1NC(N)=Nc2c1ncn2COCCOC(=O)[C@H](N)C(C)C,322.369,-0.09619999999999873,3,9,129.78,7,2,0.5,-5.3499999
verapamil,COc1ccc(CCN(C)CCCC(C#N)(c2ccc(OC)c(OC)c2)C(C)C)cc1OC,454.6110000000002,5.093080000000005,0,6,63.95,13,2,0.5185185185185185,-4.579999900000002
benzoic acid,O=C(O)c1ccccc1,122.12299999999996,1.3848,1,1,37.3,1,1,0.0,-4.0050001
vinblastine,CC[C@]1(O)C[C@@H]2CN(CCc3c([nH]c4ccccc34)[C@@](C(=O)OC)(c3cc4c(cc3OC)N(C)[C@H]3[C@@](O)(C(=O)OC)[C@H](OC(C)=O)[C@]5(CC)C=CCN6CC[C@]43[C@@H]65)C2)C1,810.9889999999998,3.9909000000000034,3,12,154.10000000000002,7,9,0.5869565217391305,-5.48
VLA-4 antagonist 2,CCOC(=O)[C@H](Cc1ccc(OC(=O)N(C)C)cc1)NC(=O)[C@H]1N(S(=O)(=O)c2cnn(C)c2)CSC1(C)C,567.69,1.6133000000000006,1,10,140.14,9,3,0.5,-5.369999900000002
VLA-4 antagonist 3,CC(C)OC(=O)[C@H](Cc1ccc(OC(=O)N(C)C)cc1)NC(=O)[C@H]1N(S(=O)(=O)c2cnn(C)c2)CSC1(C)C,581.7170000000001,2.0018000000000002,1,10,140.14,9,3,0.52,-5.170000099999998
VLA-4 antagonist 4,CN(C)C(=O)Oc1ccc(C[C@H](NC(=O)[C@H]2N(S(=O)(=O)c3cnn(C)c3)CSC2(C)C)C(=O)OCC(C)(C)C)cc1,609.7710000000001,2.639500000000001,1,10,140.14,9,3,0.5555555555555556,-5.3400002
VLA-4 antagonist 5,CN(C)C(=O)Oc1ccc(C[C@H](NC(=O)[C@H]2N(S(=O)(=O)c3cnn(C)c3)CSC2(C)C)C(=O)OCOC(=O)C(C)(C)C)cc1,653.7800000000001,2.1402,1,12,166.43999999999997,10,3,0.5357142857142857,-5.5999999
VLA-4 antagonist 6,COCCOCCOC(=O)[C@H](Cc1ccc(OC(=O)N(C)C)cc1)NC(=O)[C@H]1N(S(=O)(=O)c2cnn(C)c2)CSC1(C)C,641.769,1.2564000000000026,1,12,158.60000000000002,14,3,0.5555555555555556,-5.6900001
benzylpenicillin,CC1(C)S[C@@H]2[C@H](NC(=O)Cc3ccccc3)C(=O)N2[C@H]1C(=O)O,334.39700000000005,0.8607999999999998,2,4,86.71000000000001,4,3,0.4375,-6.0250001
zidovudine,Cc1cn([C@H]2C[C@H](N=[N+]=[N-])[C@@H](CO)O2)c(=O)[nH]c1=O,267.245,-0.19628000000000012,2,6,133.07999999999998,3,2,0.6,-5.0599999
CA-DADLE,CC(C)C[C@H]1NC(=O)[C@@H](Cc2ccccc2)NC(=O)CNC(=O)[C@@H](C)NC(=O)[C@H](Cc2ccc(O)cc2)NC(=O)/C=C\c2ccccc2OC1=O,697.7890000000002,1.9312000000000031,6,8,192.02999999999997,6,4,0.3157894736842105,-5.880000099999998
CA-Leu-Enk,CC(C)C[C@H]1NC(=O)[C@@H](CC2CCCCC2)NC(=O)CNC(=O)[C@@H](C)NC(=O)[C@H](Cc2ccc(O)cc2)NC(=O)/C=C\c2ccccc2OC1=O,703.8370000000002,2.6589000000000045,6,8,192.02999999999997,6,4,0.47368421052631576,-6.4699998
camptothecin,CC[C@@]1(O)C(=O)OCc2c1cc1n(c2=O)Cc2cc3ccccc3nc2-1,348.35800000000006,2.0796,1,6,81.42,1,5,0.25,-4.1100001000000015
carboxamido 28,CC(C)(C)CC(=O)Nc1c(F)cc(C(=O)Nc2nccs2)cc1F,353.394,4.048300000000002,2,4,71.09,4,2,0.3125,-4.059999899999998
cefazolin,Cc1nnc(SCC2=C(C(=O)O)N3C(=O)[C@@H](NC(=O)Cn4cnnn4)[C@H]3SC2)s1,454.5190000000002,-0.6360799999999995,2,12,156.08999999999997,7,4,0.42857142857142855,-6.23
ceftriaxone,CO/N=C(\C(=O)N[C@@H]1C(=O)N2C(C(=O)O)=C(CSc3nc(=O)c(=O)[nH]n3C)CS[C@H]12)c1csc(N)n1,554.592,-1.6112999999999973,4,14,214.95999999999998,8,4,0.3333333333333333,-6.764999900000001
cephalexin,CC1=C(C(=O)O)N2C(=O)C(NC(=O)C(N)c3ccccc3)C2SC1,347.3960000000001,0.4449000000000012,3,5,112.73,4,3,0.3125,-6.3600001
cephalexin acetylated,CC(=O)NC(C(=O)NC1C(=O)N2C(C(=O)O)=C(C)CSC12)c1ccccc1,389.43300000000005,0.6223000000000014,3,5,115.81000000000002,5,3,0.3333333333333333,-6.630000099999998
CFPN-PI,CC/C=C(\C(=O)N[C@@H]1C(=O)N2C(C(=O)OCOC(=O)C(C)(C)C)=C(COC(N)=O)CS[C@H]12)c1csc(N)n1.Cl.O,622.1220000000001,0.9550999999999998,3,12,224.74,9,3,0.4782608695652174,-5.1100001
cimetidine,C/N=C(\NC#N)NCCSCc1[nH]cnc1C,252.347,0.5973999999999997,3,4,88.89,5,1,0.5,-5.9000001
clozapine,CN1CCN(C2=Nc3cc(Cl)ccc3Nc3ccccc32)CC1,326.83100000000013,3.7227000000000023,1,4,30.869999999999997,0,4,0.2777777777777778,-4.5100002
2,CN(C(=O)[C@H](Cc1ccc(C(=N)N)cc1)NS(=O)(=O)c1ccc2ccccc2c1)C1CCCC1,478.61800000000034,3.4144700000000014,3,4,116.35,8,4,0.3076923076923077,-6.6989698
34,NCc1cccc(Cc2ncccn2)c1,199.257,1.5261,1,3,51.8,3,2,0.16666666666666666,-4.5968795
31,NC(=O)c1cccc(Cc2ncccn2)c1,213.24,1.1663,1,3,68.87,3,2,0.08333333333333333,-4.4609237
20,N#Cc1cccc(Cc2ncccn2)c1,195.225,1.93908,0,3,49.57,2,2,0.08333333333333333,-4.1758742
7,CNS(=O)(=O)c1ccc(Cl)cc1,205.666,1.2480999999999998,1,2,46.17,2,1,0.14285714285714285,-4.186419
6,NS(=O)(=O)c1ccc(Cl)cc1,191.63899999999998,0.9874000000000003,1,2,60.160000000000004,1,1,0.0,-4.2620125
Amiloride,N=C(N)NC(=O)c1nc(Cl)c(N)nc1N,229.63099999999997,-1.0823299999999998,5,6,156.79,1,1,0.0,-6.251812
Cimetidine,CN/C(=N\CCSCc1nc[nH]c1C)NC#N,252.347,0.5974,3,4,88.88999999999999,5,1,0.5,-6.0420098
Lef53,NC(=O)[C@H](Cc1ccccc1)NC(=O)[C@H](Cc1ccccc1)NC(=O)[C@H](CCCN=C(N)N)NC(=O)[C@@H](N)Cc1ccc(O)cc1,630.7500000000002,-0.25929999999999453,8,7,241.04,17,3,0.30303030303030304,-7.4317985
15j,COc1cccc(-n2c(=O)n(Cc3c(F)cccc3Br)c(=O)n(C[C@H](N)c3ccccc3)c2=O)c1F,559.3670000000002,2.958500000000001,1,8,101.25,7,4,0.16,-4.856985099999998
15f,COc1cccc(-n2c(=O)n(Cc3ccccc3C#N)c(=O)n(C[C@H](N)c3ccccc3)c2=O)c1F,487.4910000000002,1.9285799999999997,1,9,125.03999999999999,7,4,0.15384615384615385,-4.5917602
65,CC(=O)c1sc(NC(=O)N[C@@H]2CCCC[C@H]2CN2CCC[C@@H](Cc3ccc(F)cc3)C2)nc1C,486.65700000000027,5.428220000000006,2,5,74.33000000000001,7,4,0.5769230769230769,-5.221849
32,CC(=O)c1cccc(NC(=O)N[C@@H]2CCCC[C@H]2CN2CCC[C@@H](Cc3ccc(F)cc3)C2)c1,465.6130000000003,5.663300000000006,2,3,61.440000000000005,7,4,0.5,-4.9586072
Lobucavir,Nc1nc(O)c2ncn([C@@H]3C[C@H](CO)[C@H]3CO)c2n1,265.27299999999997,-0.7241000000000004,4,8,130.31,3,3,0.5454545454545454,-6.0555172
Metoprolol,COCCc1ccc(OCC(O)CNC(C)C)cc1,267.36899999999997,1.6132,2,4,50.72,9,1,0.6,-4.3493013
9,CC(C)CNC(=O)[C@H](C)NC[C@H](Cc1ccccc1)NC(=O)c1cc(CCC2C[C@@H]2C)cc(N(C)S(C)(=O)=O)c1,570.8000000000003,3.762400000000002,3,5,107.60999999999999,15,3,0.5483870967741935,-4.6197886
4b,CC(C)CNC(=O)[C@H](C)NC[C@H](Cc1ccccc1)NC(=O)c1cc(C(=O)N[C@H](C)c2ccc(F)cc2)cc(N(C)S(C)(=O)=O)c1,653.8210000000001,3.8039000000000023,4,6,136.71,15,3,0.38235294117647056,-5.0
2n,CCOC(=O)c1c(Cl)cccc1-c1cnc([C@@H](C)NC(=O)C2(NC(=O)C(F)(F)F)CC2)c(F)c1,501.8640000000002,4.106100000000002,2,5,97.38999999999999,7,3,0.36363636363636365,-4.5528421
2k,C[C@@H](NC(=O)C1(NC(=O)C(F)(F)F)CC1)c1ccc(-c2cc(Cl)cc(F)c2-c2nnn(C)n2)cc1F,528.8690000000001,3.8640000000000017,2,6,101.8,6,4,0.3181818181818182,-4.6382723
2i,Cc1nc(-c2c(Cl)cc(Cl)cc2-c2ccc([C@@H](C)NC(=O)C3(NC(=O)C(F)(F)F)CC3)c(F)c2)no1,545.3200000000002,5.5462200000000035,2,5,97.12,6,4,0.30434782608695654,-4.6382723
2m,COC(=O)c1c(Cl)cc(Cl)cc1-c1cnc([C@@H](C)NC(=O)C2(NC(=O)C(F)(F)F)CC2)c(F)c1,522.2820000000003,4.369400000000002,2,5,97.38999999999999,6,3,0.3333333333333333,-4.5376019
2e,C[C@@H](NC(=O)C1(NC(=O)C(F)(F)F)CC1)c1ccc(-c2cc(Cl)ccc2-c2nnn(C)n2)cc1F,510.8790000000001,3.7249000000000025,2,6,101.8,6,4,0.3181818181818182,-4.5528421
2h,CCOC(=O)c1c(Cl)cc(Cl)cc1-c1ccc([C@@H](C)NC(=O)C2(NC(=O)C(F)(F)F)CC2)c(F)c1,535.3210000000003,5.364500000000003,2,4,84.5,7,3,0.34782608695652173,-4.6020598
2o,CCOC(=O)c1c(Cl)cc(Cl)cc1-c1cnc([C@@H](C)NC(=O)C2(NC(=O)C(F)(F)F)CC2)c(F)c1,536.3090000000003,4.759500000000004,2,5,97.38999999999999,7,3,0.36363636363636365,-4.6020598
2l,COC(=O)c1c(Cl)cccc1-c1cnc([C@@H](C)NC(=O)C2(NC(=O)C(F)(F)F)CC2)c(F)c1,487.8370000000002,3.716000000000001,2,5,97.38999999999999,6,3,0.3333333333333333,-4.6020598
2d,Cc1nc(-c2ccc(Cl)cc2-c2ccc([C@@H](C)NC(=O)C3(NC(=O)C(F)(F)F)CC3)c(F)c2)no1,510.8750000000002,4.892820000000004,2,5,97.12,6,4,0.30434782608695654,-4.5086384000000015
1,COC(=O)c1c(Cl)cccc1-c1ccc([C@@H](C)NC(=O)C2(NC(=O)C(F)(F)F)CC2)c(F)c1,486.8490000000002,4.321000000000002,2,4,84.5,6,3,0.3181818181818182,-4.4685210999999985
49,O=C(N[C@@H]1CCOC[C@@H]1C(=O)NO)c1ccc(Cc2c(C(F)(F)F)nn3ccccc23)cc1,462.4280000000001,2.584200000000001,3,6,104.96,5,4,0.3181818181818182,-5.7447276
48,CC(C)(C)c1nn2ccccc2c1Cc1ccc(C(=O)N[C@@H]2CCOC[C@@H]2C(=O)NO)cc1,450.5390000000002,2.8629,3,6,104.96000000000002,5,4,0.4,-5.3665314
1,CCCN(Cc1ccoc1)C(=O)c1cc(C)cc(OCC2(CON=C(N)N)CC2)c1,414.50600000000026,3.0044200000000005,2,5,116.31,11,3,0.45454545454545453,-5.387216099999999
17,Cc1ccc(C(F)(F)CNc2ccc(C#N)c(CC(=O)NCCONC(=N)N)c2F)nc1,449.4370000000002,1.678069999999999,5,6,148.94,10,2,0.3,-6.188375
5,N#Cc1ccc(NCC(F)(F)c2ccccc2)c(F)c1CC(=O)NCCONC(=N)N,434.42200000000025,1.974649999999999,5,5,136.05,10,2,0.25,-5.647924400000001
22,N#Cc1ccc(NCC(F)(F)c2cccc(F)c2)c(F)c1CC(=O)NCCONC(=N)N,452.4120000000002,2.113749999999999,5,5,136.05,10,2,0.25,-5.741402099999998
36,Cc1nc(N)ccc1CNC(=O)Cc1c(C#N)ccc(NCC(F)(F)c2ccccn2)c1F,454.4560000000001,3.440800000000001,3,6,116.71999999999998,8,3,0.21739130434782608,-5.1474957
34,CN(OCCNC(=O)Cc1c(C#N)ccc(NCC(F)(F)c2ccccn2)c1F)C(=N)N,449.43700000000007,1.71185,4,6,140.15,10,2,0.3,-6.3723636
23,N#Cc1ccc(NCC(F)(F)c2ccc(F)c(F)c2)c(F)c1CC(=O)NCCONC(=N)N,470.4020000000002,2.2528499999999996,5,5,136.05,10,2,0.25,-5.9430285000000005
S-6j,c1csc([C@]23CNC[C@H]2C3)c1,165.261,1.6089999999999998,1,2,12.03,1,3,0.5555555555555556,-4.7544875
659-Harmane,Cc1nccc2c1[nH]c1ccccc12,182.226,3.0245200000000008,1,1,28.68,0,3,0.08333333333333333,-5.223299
795-Coptisine chloride (COP),[Cl-].c1c2c(cc3c1OCO3)-c1cc3ccc4c(c3c[n+]1CC2)OCO4,355.77700000000016,-0.18820000000000014,0,4,40.8,0,6,0.21052631578947367,-4.9574246
"877-(2S,4S,5R)-2-[(4'-Chlorophenyl)-4-methyl-1,3-dioxan-5-yl]amine (5h)",C[C@@H]1O[C@@H](c2ccc(Cl)cc2)OC[C@H]1N,227.69099999999997,2.1012,1,3,44.480000000000004,1,2,0.45454545454545453,-4.9279342
"878-(2S,4S,5R)-2-[(4'-Nitrophenyl)-4-methyl-1,3-dioxan-5-yl]amine (5i)",C[C@@H]1O[C@@H](c2ccc(N(O)O)cc2)OC[C@H]1N,240.259,1.0326000000000002,3,6,88.18,2,2,0.45454545454545453,-4.8885694000000015
"879-(cis)-[2-(E-Phenylvinyl)-1,3-dioxan-5-yl]amine (6a)",C=C(c1ccccc1)C1OCC(N)CO1,205.25699999999992,1.3999999999999997,1,3,44.480000000000004,2,2,0.3333333333333333,-4.9913998
"880-(2S,4S,5R)-[2-(E-Phenylvinyl)-4-methyl-1,3-dioxan-5-yl]amine (6b)",C=C(c1ccccc1)[C@H]1OC[C@@H](N)[C@H](C)O1,219.28399999999993,1.7884999999999998,1,3,44.480000000000004,2,2,0.38461538461538464,-4.9880071
881-13h,C[C@@H]1O[C@@H](c2ccc(Cl)cc2)OC[C@H]1NC(=O)Cc1ccccc1,345.8260000000001,3.501400000000002,1,3,47.56,4,3,0.3157894736842105,-4.9920392
"883-(cis)-[2-(E-Phenylvinyl)-1,3-dioxan-5-yl]phenylacetamide (14a)",C=C(c1ccccc1)C1OCC(NC(=O)Cc2ccccc2)CO1,323.392,2.800200000000001,1,3,47.56,5,3,0.25,-5.0498786
884-14b,C=C(c1ccccc1)[C@H]1OC[C@@H](NC(=O)Cc2ccccc2)[C@H](C)O1,337.419,3.1887000000000016,1,3,47.56,5,3,0.2857142857142857,-5.050365900000001
1029-Dihydrotetrabenazine isomer,COc1cc2c(cc1OC)C1CC(O)C(CC(C)C)CN1CC2,319.4450000000001,3.0299000000000014,1,4,41.93,4,3,0.6842105263157895,-4.598685700000001
228-Raffinose,OC[C@H]1O[C@@](CO)(OC2O[C@H](COC3O[C@H](CO)[C@H](O)[C@H](O)[C@H]3O)[C@@H](O)[C@H](O)[C@H]2O)[C@@H](O)[C@@H]1O,504.43800000000005,-7.571399999999989,11,16,268.67999999999995,8,3,1.0,-7.309804
234-Cortisone,C[C@@]12CCC(=O)C=C1CC[C@H]1[C@@H]3CC[C@](O)(C(=O)CO)[C@@]3(C)CC(=O)[C@H]12,360.45000000000016,1.9898,2,5,91.66999999999999,2,4,0.7619047619047619,-4.5086384000000015
677-Prednisolone,C[C@@]12C=CC(=O)C=C1CC[C@@H]1[C@@H]2[C@@H](O)C[C@@]2(C)[C@H]1CC[C@]2(O)C(=O)CO,360.4500000000002,1.5575999999999999,3,5,94.83,2,4,0.7142857142857143,-5.4436975
679-Captopril (Cap),C[C@H](CS)C(=O)N1CCC[C@@H]1C(=O)O,217.28999999999996,0.6279000000000001,2,3,57.61,3,1,0.7777777777777778,-4.8153086
732-Amitriptyline,CN(C)CCC=C1c2ccccc2CCc2ccccc21,277.411,4.168600000000003,0,1,3.24,3,3,0.3,-3.9006648
801-Yohimbine (YOH),COC(=O)[C@@H]1[C@H](O)CC[C@@H]2CN3CCc4c([nH]c5ccccc45)[C@H]3C[C@H]21,354.45000000000005,2.647100000000001,2,4,65.56,1,5,0.5714285714285714,-4.8124795
808-Asn-Ala-NH2,CC(NC(=O)C(N)CC(N)=O)C(N)=O,202.21399999999997,-2.820899999999999,4,4,141.3,5,0,0.5714285714285714,-6.5885487000000005
1033-Dextromethorphan (DEM),COc1ccc2c(c1)[C@@]13CCCC[C@@H]1[C@@H](C2)N(C)CC3,271.404,3.3834000000000026,0,2,12.47,1,4,0.6666666666666666,-4.628932
014-Ampicillin,CC1(C)S[C@]2(C)[C@H](NC(=O)[C@H](N)c3ccccc3)C(=O)N2[C@H]1C(=O)O,363.4390000000001,0.7081999999999999,3,5,112.73,4,3,0.47058823529411764,-6.1023731
016-Ceftibuten,Nc1nc(/C(=C\CC(=O)O)C(=O)NC2C(=O)N3C(C(=O)O)=CCSC23)cs1,410.4330000000001,-0.0481999999999998,4,8,162.92,6,3,0.26666666666666666,-6.0604806
107-zidovudine,Cc1cn([C@H]2C[C@H]([N-][NH+]=N)[C@@H](CO)O2)c(=O)[nH]c1=O,269.261,-2.1063099999999984,4,6,136.23999999999998,4,2,0.6,-5.1850867
150-Artesunate,C[C@@H]1CC[C@H]2[C@@H](C)[C@@H](OC(=O)CCC(=O)O)O[C@@H]3OC4(C)CC[C@@H]1[C@@]23OO4,384.4250000000002,2.6024000000000003,1,7,100.52000000000002,4,5,0.8947368421052632,-5.4001169
167-cephradine,CC1=C(C(=O)O)N2C(=O)[C@@H](NC(=O)[C@@H](N)C3=CCC=CC3)[C@H]2SC1,349.4120000000001,0.34860000000000113,3,5,112.73,4,3,0.4375,-5.6925039
170-Grepafloxacin hydrochloride (GRX),Cc1c(F)c(N2CCNC(C)C2)cc2c1C(=O)C(C(=O)O)CN2C1CC1,361.4170000000002,1.79812,2,5,72.88,3,4,0.5789473684210527,-4.9825492
174-Guanabenz,NC(N)=N/N=C/c1c(Cl)cccc1Cl,231.086,1.6007000000000005,2,2,76.76,2,1,0.0,-4.363411900000001
205-Fluoxetine,CNCCC(Oc1ccc(C(F)(F)F)cc1)c1ccccc1,309.33099999999996,4.435000000000003,1,2,21.259999999999998,6,2,0.29411764705882354,-4.9299622
243-Famotidine,NC(N)=Nc1nc(CSCC/C(N)=N\S(N)(=O)=O)cs1,337.456,-0.7679999999999998,4,6,175.82999999999998,7,1,0.375,-5.9488473
247-Lobucavir,Nc1nc(=O)c2ncn([C@@H]3C[C@H](CO)[C@H]3CO)c2[nH]1,265.27299999999997,-1.1364,4,7,130.05,3,3,0.5454545454545454,-6.0555172
263-Amrinone,Nc1cc(-c2ccncc2)c[nH]c1=O,187.202,1.0191,2,3,71.77,1,2,0.0,-4.7544875
285-Ephedrine,CN[C@@H](C)[C@@H](O)c1ccccc1,165.236,1.3278999999999999,2,2,32.26,3,1,0.4,-4.9913998
403-Atorvastatin,CC(C)c1c(C(=O)Nc2ccccc2)c(-c2ccccc2)c(-c2ccc(F)cc2)n1CC[C@H](O)C[C@H](O)CC(=O)O,558.6500000000003,6.313600000000008,4,5,111.79,12,4,0.2727272727272727,-5.309804
"453-(2E,4E,8Z,10Z)-N-Isobutyldodeca-2,4,8,10-tetraenamide (5) mw=247",C/C=C\C=C/CC/C=C/C=C/C(=O)NCC(C)C,247.382,3.7835000000000027,1,1,29.1,8,0,0.4375,-4.2441254
"643-(2E,4E,8Z)-N-isobutyldodeca-2,4,8-trienamide (6) mw = 249",CCC/C=C\CC/C=C/C=C/C(=O)NCC(C)C,249.398,4.007500000000003,1,1,29.1,9,0,0.5625,-4.6989698
Acrivastine,Cc1ccc(/C(=C/CN2CCCC2)c2cccc(/C=C/C(=O)O)n2)cc1,348.446,4.015320000000003,1,3,53.43000000000001,6,3,0.2727272727272727,-5.720623000000002
Aminopyrine,Cc1c(N(C)C)c(=O)n(-c2ccccc2)n1C,231.29900000000004,1.55042,0,4,30.17,2,2,0.3076923076923077,-4.389419599999999
Amitriptyline,CN(C)CCC=C1c2ccccc2CCc2ccccc21,277.411,4.168600000000003,0,1,3.24,3,3,0.3,-4.2600002
Amphetamine sulfate,C[C@H](N)Cc1ccccc1,135.20999999999998,1.5763,1,1,26.02,2,1,0.3333333333333333,-4.3899999
Ampicillin,CC1(C)SC2C(NC(=O)C(N)c3ccccc3)C(=O)N2C1C(=O)O,349.4120000000001,0.3181000000000002,3,5,112.73,4,3,0.4375,-6.0700002
Artesunate,CC1CCC2C(C)C(OC(=O)CCC(=O)O)OC3OC4(C)CCC1C32OO4,384.4250000000002,2.6024000000000003,1,7,100.52000000000002,4,5,0.8947368421052632,-5.4000001
Astemizole,COc1ccc(CCN2CCC(Nc3nc4ccccc4n3Cc3ccc(F)cc3)CC2)cc1,458.58100000000024,5.351300000000005,1,5,42.32,8,5,0.32142857142857145,-5.1500001
Atorvastatin,CC(C)c1c(C(=O)Nc2ccccc2)c(-c2ccccc2)c(-c2ccc(F)cc2)n1CC[C@@H](O)C[C@@H](O)CC(=O)O,558.6500000000003,6.313600000000008,4,5,111.79,12,4,0.2727272727272727,-5.3099999
Betaxolol,CC(C)NCC(O)COc1ccc(CCOCC2CC2)cc1,307.434,2.3933999999999997,2,4,50.72,11,2,0.6666666666666666,-4.3156309
Bicalutamide,CC(O)(CS(=O)(=O)c1ccc(F)cc1)C(=O)Nc1ccc(C#N)c(C(F)(F)F)c1,430.3790000000001,2.8795800000000007,2,5,107.25999999999999,5,2,0.2222222222222222,-4.6599998
Bisoprolol,CC(C)NCC(O)COc1ccc(COCCOC(C)C)cc1,325.449,2.3659,2,5,59.95,12,1,0.6666666666666666,-4.7600002
Bromazepam,O=C1CN=C(c2ccccn2)c2cc(Br)ccc2N1,316.15799999999996,2.6336000000000004,1,3,54.35,1,3,0.07142857142857142,-4.4000001
Bupropion,CC(NC(C)(C)C)C(=O)c1cccc(Cl)c1,239.746,3.2993000000000023,1,2,29.1,3,1,0.46153846153846156,-3.9519544
Camazepam,CN(C)C(=O)OC1N=C(c2ccccc2)c2cc(Cl)ccc2N(C)C1=O,371.8240000000001,3.1781000000000015,0,4,62.21000000000001,2,3,0.21052631578947367,-4.46
Captopril (Cap),C[C@H](CS)C(=O)N1CCC[C@H]1C(=O)O,217.28999999999996,0.6279000000000001,2,3,57.61,3,1,0.7777777777777778,-4.8200002
Cefuroxime,CON=C(C(=O)NC1C(=O)N2C(C(=O)O)=C(COC(N)=O)CSC12)c1ccco1,424.39100000000013,-0.5359999999999987,3,9,173.76,7,3,0.3125,-6.29
Celecoxib,Cc1ccc(-c2cc(C(F)(F)F)nn2-c2ccc(S(N)(=O)=O)cc2)cc1,381.3790000000001,3.5139200000000006,1,4,77.98,3,3,0.11764705882352941,-4.8050604
Cetirizine,O=C(O)COCCN1CCN(C(c2ccccc2)c2ccc(Cl)cc2)CC1,388.8950000000002,3.148200000000002,1,4,53.010000000000005,8,3,0.38095238095238093,-5.5
Chloroquine,CCN(CC)CCCC(C)Nc1ccnc2cc(Cl)ccc12,319.88000000000005,4.810600000000004,1,3,28.16,8,2,0.5,-4.5500002
Chlorpheniramine,CN(C)CCC(c1ccc(Cl)cc1)c1ccccn1,274.795,3.8186000000000027,0,2,16.130000000000003,5,2,0.3125,-4.2800002
Chlorprothixene,CN(C)CC/C=C1/c2ccccc2Sc2ccc(Cl)cc21,315.869,5.188000000000004,0,2,3.24,3,3,0.2222222222222222,-4.7399998
Chlortetracycline,CN(C)[C@@H]1C(=O)C(C(N)=O)=C(O)[C@@]2(O)C(=O)C3=C(O)c4c(O)ccc(Cl)c4[C@@](C)(O)[C@H]3C[C@@H]12,478.8850000000002,0.2824000000000005,6,9,181.61999999999998,2,4,0.4090909090909091,-6.3200002
Chlorzoxazone,O=c1[nH]c2cc(Cl)ccc2o1,169.56699999999998,1.7745,1,2,46.0,0,2,0.0,-4.190000100000002
Clarithromycin,CC[C@H]1OC(=O)[C@H](C)[C@@H](O[C@H]2C[C@@](C)(OC)[C@@H](O)[C@H](C)O2)[C@H](C)[C@@H](O[C@@H]2O[C@H](C)C[C@H](N(C)C)[C@H]2O)[C@](C)(OC)C[C@@H](C)C(=O)[C@H](C)[C@@H](O)[C@]1(C)O,747.9640000000002,2.439700000000004,4,14,182.91,8,3,0.9473684210526315,-5.4699998
Clozapine,CN1CCN(C2=c3ccccc3=Nc3ccc(Cl)cc3N2)CC1,326.8310000000001,2.0298999999999996,1,4,30.869999999999997,1,4,0.2777777777777778,-4.5100002
Codeine,COc1ccc2c3c1OC1C(O)C=CC4C(C2)N(C)CCC341,299.3700000000001,1.5010999999999999,1,4,41.93,1,5,0.5555555555555556,-4.2800002
Cycloserine,NC1CONC1=O,102.09299999999999,-1.6249000000000007,2,3,64.35,0,1,0.6666666666666666,-5.4400001
Danazol,C#C[C@@]1(O)CC[C@@H]2[C@H]3CCC4=Cc5oncc5C[C@@]4(C)[C@@H]3CC[C@]21C,337.46300000000014,4.221000000000004,1,3,46.260000000000005,0,5,0.6818181818181818,-4.561461
Dextromethorphan,COc1ccc2c(c1)C13CCCCC1C(C2)N(C)CC3,271.404,3.3834000000000026,0,2,12.47,1,4,0.6666666666666666,-4.7399998
Diclofenac,O=C(O)Cc1ccccc1Nc1c(Cl)cccc1Cl,296.153,4.364100000000001,2,2,49.33,4,2,0.07142857142857142,-4.460681
Digoxin,C[C@H]1O[C@@H](O[C@H]2[C@@H](O)C[C@H](O[C@H]3[C@@H](O)C[C@H](O[C@H]4CC[C@@]5(C)[C@H]6C[C@@H](O)[C@]7(C)C(C8=CC(=O)OC8)CC[C@]7(O)[C@@H]6CC[C@@H]5C4)O[C@@H]3C)O[C@@H]2C)C[C@H](O)[C@@H]1O,780.9490000000003,2.218100000000003,6,14,203.05999999999997,7,8,0.926829268292683,-5.6316042
Diltiazem,COc1ccc([C@@H]2Sc3ccccc3N(CCN(C)C)C(=O)[C@@H]2OC(C)=O)cc1,414.52700000000016,3.368500000000002,0,6,59.080000000000005,6,3,0.36363636363636365,-4.4043612
Efavirenz,O=C1Nc2ccc(Cl)cc2[C@@](C#CC2CC2)(C(F)(F)F)O1,315.67799999999994,4.073100000000001,1,2,38.33,0,3,0.35714285714285715,-4.0500002
Emetine,CC[C@H]1CN2CCc3cc(OC)c(OC)cc3[C@@H]2C[C@@H]1C[C@H]1NCCc2cc(OC)c(OC)cc21,480.64900000000034,4.943400000000005,1,6,52.19000000000001,7,5,0.5862068965517241,-5.6900001
Enalaprilat,C[C@H](N[C@H](CCc1ccccc1)C(=O)O)C(=O)N1CCC[C@@H]1C(=O)O,348.39900000000017,1.1261000000000003,3,4,106.94000000000001,8,2,0.5,-5.880000099999998
Exemestane,C=C1C[C@@H]2[C@H](CC[C@]3(C)C(=O)CC[C@@H]23)[C@@]2(C)C=CC(=O)C=C12,296.41,4.029500000000003,0,2,34.14,0,4,0.6,-4.329999900000002
Ethionamide,CCc1cc(C(N)=S)ccn1,166.24900000000002,1.2782,1,2,38.91,2,1,0.25,-4.4000001
Fluoxetine,CNCCC(Oc1ccc(C)cc1)c1ccccc1,255.361,3.7246200000000034,1,2,21.259999999999998,6,2,0.29411764705882354,-4.5500002
Fluparoxan (GR50360A),Fc1cccc2c1O[C@H]1CNC[C@H]1O2,195.19299999999998,0.9373,1,3,30.49,0,3,0.4,-3.729485
Flupenthixol,OCCN1CCN(CC/C=C2/c3ccccc3Sc3ccc(C(F)(F)F)cc32)CC1,434.52700000000016,4.601700000000005,1,4,26.71,5,4,0.391304347826087,-4.8899999
Fluvastatin,CC(C)n1c(/C=C/[C@H](O)C[C@H](O)CC(=O)O)c(-c2ccc(F)cc2)c2ccccc21,411.473,4.628100000000003,3,4,82.69,8,3,0.2916666666666667,-5.6999998
Gancyclovir,Nc1nc2c(ncn2COC(CO)CO)c(=O)[nH]1,255.23399999999998,-1.970899999999999,4,8,139.28,5,2,0.4444444444444444,-6.1012278
Glipizide,Cc1cnc(C(=O)NCCc2ccc(S(=O)(=O)NC(=O)NC3CCCCC3)cc2)cn1,445.54500000000024,2.0781199999999993,3,6,130.14999999999998,7,3,0.42857142857142855,-4.7199998
Glutaminic Acid,NC(CCC(=O)O)C(=O)O,147.13,-0.7368999999999997,3,3,100.62000000000002,4,0,0.6,-6.0700002
Grepafloxacin HCl,Cc1c(F)c(N2CCNC(C)C2)cc2c1c(=O)c(C(=O)O)cn2C1CC1,359.4010000000001,2.28022,2,5,74.57,3,4,0.47368421052631576,-4.8899999
Guanabenz,NC(N)=NN=Cc1c(Cl)cccc1Cl,231.086,1.6007000000000005,2,2,76.76,2,1,0.0,-4.329999900000002
Haloperidol,O=C(CCCN1CCC(O)(c2ccc(Cl)cc2)CC1)c1ccc(F)cc1,375.87100000000015,4.425600000000004,1,3,40.540000000000006,6,3,0.38095238095238093,-4.71
Imatinib,Cc1ccc(NC(=O)c2ccc(CN3CCN(C)CC3)cc2)cc1Nc1nccc(-c2cccnc2)n1,493.6150000000002,4.590320000000004,2,7,86.28000000000002,7,5,0.2413793103448276,-5.3899999
Indinavir,CC(C)(C)NC(=O)[C@@H]1CN(Cc2cccnc2)CCN1C[C@@H](O)C[C@@H](Cc1ccccc1)C(=O)N[C@H]1c2ccccc2C[C@H]1O,613.8030000000003,2.8669000000000016,4,7,118.03000000000002,11,5,0.4722222222222222,-5.6900001
Isoxicam,Cc1cc(NC(O)=C2C(=O)c3ccccc3S(=O)(=O)N2C)no1,335.3410000000001,1.6390200000000001,2,7,112.74,2,3,0.14285714285714285,-4.6100001
Ketanserin,O=C(c1ccc(F)cc1)C1CCN(CCn2c(=O)[nH]c3ccccc3c2=O)CC1,395.43400000000014,2.423800000000001,1,5,75.17,5,4,0.3181818181818182,-4.4400001
Labetalol,CC(CCc1ccccc1)NCC(O)c1ccc(O)c(C(N)=O)c1,328.4120000000001,2.1353999999999997,4,4,95.57999999999998,8,2,0.3157894736842105,-4.895062
Lamivudine,Nc1ccn([C@@H]2CS[C@H](CO)O2)c(=O)n1,229.261,-0.5941000000000001,2,7,90.36999999999999,2,2,0.5,-5.420000099999998
Lisinopril,NCCCC[C@H](N[C@@H](CCc1ccccc1)C(=O)O)C(=O)N1CCC[C@@H]1C(=O)O,405.49500000000023,1.2352000000000007,4,5,132.95999999999998,12,2,0.5714285714285714,-6.6599998
Lomefloxacin,CCn1cc(C(=O)O)c(=O)c2cc(F)c(N3CCNC(C)C3)c(F)c21,351.353,1.7959,2,5,74.57000000000001,3,3,0.4117647058823529,-4.8000002
Loperamide HCl,CN(C)C(=O)C(CCN1CCC(O)(c2ccc(Cl)cc2)CC1)(c1ccccc1)c1ccccc1,477.0480000000002,5.088000000000005,1,3,43.78,7,4,0.3448275862068966,-4.9699998
Lobucavir,Nc1nc2c(ncn2C2[C@@H](CO)C[C@@H]2CO)c(=O)[nH]1,265.2729999999999,-1.1364000000000005,4,7,130.04999999999998,3,3,0.5454545454545454,-6.0599999
Losartan,CCCCc1nc(Cl)c(CO)n1Cc1ccc(-c2ccccc2-c2nnn[nH]2)cc1,422.9200000000001,4.2668000000000035,2,6,92.50999999999999,8,4,0.2727272727272727,-6.0727587
Lovastatin,CCC(C)C(=O)OC1CC(C)C=C2C=CC(C)C(CCC3CC(O)CC(=O)O3)C21,404.54700000000025,4.195500000000004,1,5,72.83,6,3,0.75,-4.8400002
Loxoprofen,CC(C(=O)O)c1ccc(CC2CCCC2=O)cc1,246.30599999999993,2.7864000000000013,1,2,54.37,4,2,0.4666666666666667,-4.3499999
Mebendazole,COC(=O)Nc1nc2ccc(C(=O)c3ccccc3)cc2[nH]1,295.298,2.972200000000001,2,4,84.07999999999998,3,3,0.0625,-4.5100002
Meloxicam,Cc1cnc(N/C(O)=C2/C(=O)c3ccccc3S(=O)(=O)N2C)s1,351.40900000000005,2.10752,2,7,99.60000000000001,2,3,0.14285714285714285,-4.7058601
Methylprednisolone,C[C@H]1C[C@H]2[C@@H]3CC[C@](O)(C(=O)CO)[C@@]3(C)C[C@H](O)[C@@H]2[C@@]2(C)C=CC(=O)C=C12,374.4770000000001,1.8036,3,5,94.83000000000001,2,4,0.7272727272727273,-5.1161518
Metolazone,Cc1ccccc1N1C(=O)c2cc(S(N)(=O)=O)c(Cl)cc2N[C@H]1C,365.8420000000001,2.714120000000001,2,4,92.5,2,3,0.1875,-5.3049202000000015
Nelfinavir,Cc1c(O)cccc1C(=O)N[C@@H](CSc1ccccc1)[C@H](O)CN1C[C@H]2CCCC[C@H]2C[C@H]1C(=O)NC(C)(C)C,567.7960000000003,4.747620000000004,4,6,101.9,9,4,0.5625,-6.1500001
Netivudine (882C87),CC#Cc1cn([C@@H]2O[C@H](CO)[C@@H](O)[C@@H]2O)c(=O)[nH]c1=O,282.252,-2.4804999999999997,4,7,124.78,2,2,0.5,-5.1687455
Nicardipine,COC(=O)C1=C(C)NC(C)=C(C(=O)OCCN(C)Cc2ccccc2)C1c1cccc(N(O)O)c1,481.54900000000015,3.354400000000001,3,9,111.57,9,3,0.3076923076923077,-4.9305754
Nifedipine,COC(=O)C1=C(C)NC(C)=C(C(=O)OC)C1c1ccccc1N(O)O,348.355,1.8521999999999998,3,8,108.33,4,2,0.29411764705882354,-4.3319983
Nisoldipine,COC(=O)C1=C(C)NC(C)=C(C(=O)OCC(C)C)C1c1ccccc1N(O)O,390.43600000000004,2.8784,3,8,108.33,6,2,0.4,-4.6999998
Nitrendipine,CCOC(=O)C1=C(C)NC(C)=C(C(=O)OC)C1c1cccc(N(O)O)c1,362.382,2.2423,3,8,108.33,5,2,0.3333333333333333,-4.6200309
Olopatadine,CN(C)CC/C=C1/c2ccccc2COc2ccc(CC(=O)O)cc21,337.4190000000001,3.589500000000002,1,3,49.769999999999996,5,3,0.2857142857142857,-5.0100002
Ouabain,C[C@@H]1O[C@@H](O[C@H]2C[C@@H](O)[C@@]3(CO)[C@H]4[C@H](O)C[C@]5(C)[C@@H](C6=CC(=O)OC6)CC[C@]5(O)[C@@H]4CC[C@]3(O)C2)[C@H](O)[C@H](O)[C@H]1O,584.6590000000006,-1.5149999999999972,8,12,206.59999999999997,4,6,0.896551724137931,-6.9593034
Oxaprozin,O=C(O)CCc1nc(-c2ccccc2)c(-c2ccccc2)o1,293.32200000000006,4.025800000000003,1,3,63.33,5,3,0.1111111111111111,-4.48
Pentoxifylline,CC(=O)CCCCn1c(=O)c2c(ncn2C)n(C)c1=O,278.31200000000007,0.19300000000000006,0,7,78.89,5,2,0.5384615384615384,-4.1799998
Phenobarbital,CCC1(c2ccccc2)C(=O)NC(=O)NC1=O,232.23899999999995,0.7004,2,3,75.27000000000001,2,2,0.25,-4.630000099999998
Piroxicam,CN1C(C(=O)Nc2ccccn2)=C(O)c2ccccc2S1(=O)=O,331.35300000000007,1.5809999999999997,2,5,99.6,2,3,0.06666666666666667,-4.4490995
Pravastatin,CCC(C)C(=O)O[C@@H]1C[C@@H](O)C=C2C=C[C@@H](C)[C@@H](CC[C@@H](O)C[C@@H](O)CC(=O)O)[C@@H]21,424.5340000000002,2.4404000000000003,4,6,124.29,10,2,0.7391304347826086,-5.869999900000002
Prazocin,COc1cc2nc(N3CCN(C(=O)c4occc4Cl)CC3)nc(N)c2cc1OC,417.85300000000024,2.4380000000000006,1,8,106.95,4,4,0.3157894736842105,-4.8899999
Pranoprofen; pyranoprofen,CC(C(=O)O)c1ccc2c(c1)Cc1cccnc1O2,255.27299999999997,2.9662000000000006,1,3,59.42,2,3,0.2,-4.3899999
Prednisolone,C[C@]12CC(O)[C@H]3[C@@H](CCC4=CC(=O)C=C[C@@]43C)[C@@H]1CC[C@]2(O)C(=O)CO,360.4500000000002,1.5575999999999999,3,5,94.83,2,4,0.7142857142857143,-5.369999900000002
Promazine,CN(C)CCCN1c2ccccc2Sc2ccccc21,284.42800000000005,4.241000000000003,0,3,6.48,4,3,0.29411764705882354,-4.380000099999998
Promethazine,CC(CN1c2ccccc2Sc2ccccc21)N(C)C,284.428,4.239400000000003,0,3,6.48,3,3,0.29411764705882354,-3.7777722
Pyrimethamine,CCc1nc(N)nc(N)c1-c1ccc(Cl)cc1,248.71700000000004,2.5238000000000005,2,4,77.82,2,2,0.16666666666666666,-4.23
Quinidine,C=C[C@H]1CN2CC[C@H]1C[C@@H]2C(O)c1ccnc2ccc(OC)cc12,324.4240000000001,3.1732000000000014,1,4,45.59,4,5,0.45,-4.6799998
Raloxifene HCl,O=C(c1ccc(OCCN2CCCCC2)cc1)c1c(-c2ccc(O)cc2)sc2cc(O)ccc12,473.5940000000001,6.075200000000007,2,6,70.0,7,5,0.25,-5.7227535000000005
Remikiren (Ro 42-5892),CC(C)(C)S(=O)(=O)C[C@H](Cc1ccccc1)C(=O)N[C@@H](Cc1cnc[nH]1)C(=O)N[C@H](CC1CCCCC1)[C@@H](O)[C@H](O)C1CC1,630.8520000000002,3.0962000000000023,5,7,161.47999999999996,15,4,0.6666666666666666,-6.1300907
Reserpine,COC(=O)[C@H]1[C@H]2C[C@@H]3c4[nH]c5cc(OC)ccc5c4CCN3C[C@H]2C[C@@H](OC(=O)c2cc(OC)c(OC)c(OC)c2)[C@@H]1OC,608.6880000000004,4.171100000000004,1,10,117.78000000000003,8,6,0.5151515151515151,-5.369999900000002
Rifampicin,CO[C@@H]1C=CO[C@@]2(C)Oc3c(C)c(O)c4c(c3C2=O)C(=O)/C(=C\NN2CCN(C)CC2)C(=C4O)NC(=O)C(C)=CC=C[C@@H](C)[C@H](O)[C@H](C)[C@H](O)[C@@H](C)[C@@H](OC(C)=O)[C@@H]1C,822.9530000000003,3.4262200000000025,6,15,216.65999999999994,4,6,0.5348837209302325,-5.399786
Rofecoxib,NS(=O)(=O)c1ccc(C2=C(c3ccccc3)C(=O)OC2)cc1,315.3500000000001,1.8016,1,4,86.46000000000001,3,3,0.0625,-4.619999900000002
Saquinavir,CC(C)(C)NC(=O)C1CC2CCCCC2CN1CC(O)C(Cc1ccccc1)NC(=O)C(CC(N)=O)NC(=O)c1ccc2ccccc2n1,670.855,3.092400000000003,5,7,166.75,12,5,0.5,-6.2800002
Simvastatin,CCC(C)(C)C(=O)O[C@@H]1C[C@H](C)C=C2C=C[C@@H](C)[C@@H](CC[C@@H]3C[C@H](O)CC(=O)O3)[C@@H]21,418.57400000000024,4.585600000000005,1,5,72.83,6,3,0.76,-5.170000099999998
Sorivudine (BVaraU),O=c1[nH]c(=O)n([C@@H]2O[C@H](CO)[C@@H](O)[C@@H]2O)cc1/C=C/Br,349.137,-1.4862999999999988,4,7,124.78000000000002,3,2,0.45454545454545453,-5.3899999
Sparfloxacin (SPX),C[C@H]1CN(c2c(F)c(N)c3c(=O)c(C(=O)O)cn(C4CC4)c3c2F)C[C@@H](C)N1,392.4060000000002,2.0816,3,6,100.59,3,4,0.47368421052631576,-4.7784066
Spironolactone,C=C[C@@H]1CN2CC[C@@H]1C[C@H]2[C@H](O)c1ccnc2ccc(OC)cc12,324.4240000000001,3.1732000000000014,1,4,45.59,4,5,0.45,-4.5008955
Stavudine (d4T),Cc1cn([C@H]2C=C[C@@H](CO)O2)c(=O)[nH]c1=O,224.21599999999998,-0.7090799999999999,2,5,84.32,2,2,0.4,-5.3483939000000005
Sulfamethizole,Cc1nnc(NS(=O)(=O)c2ccc(N)cc2)s1,270.339,1.2295199999999997,2,6,97.97,3,2,0.1111111111111111,-5.8393164
Sumatriptan,CNS(=O)(=O)Cc1ccc2[nH]cc(CCN(C)C)c2c1,295.408,1.3211999999999997,2,3,65.2,6,2,0.42857142857142855,-5.6828976
Tacrolimus,C=CC[C@@H]1/C=C(\C)C[C@H](C)C[C@H](OC)[C@H]2O[C@@](O)(C(=O)C(=O)N3CCCC[C@H]3C(=O)O[C@H](/C(C)=C/[C@@H]3CC[C@@H](O)[C@H](OC)C3)[C@H](C)[C@@H](O)CC1=O)[C@H](C)C[C@@H]2OC,804.0310000000001,4.639000000000004,3,12,178.35999999999996,7,4,0.7727272727272727,-5.1500001
Tamoxifen,CC/C(=C(/c1ccccc1)c1ccc(OCCN(C)C)cc1)c1ccccc1,371.524,5.9961000000000055,0,2,12.47,8,3,0.23076923076923078,-4.3221111
Tenidap,NC(=O)n1c(O)c(C(=O)c2cccs2)c2cc(Cl)ccc21,320.757,3.2196000000000016,2,5,85.32,2,3,0.0,-4.3103647
Thalidomide,O=C1CCC(N2C(=O)c3ccccc3C2=O)C(=O)N1,258.23299999999995,0.08779999999999993,1,4,83.55000000000001,1,3,0.23076923076923078,-4.6999998
Tinidazole,CCS(=O)(=O)CCn1c(N(O)O)cnc1C,249.292,0.21102000000000032,2,7,95.66000000000001,5,1,0.625,-4.52
Trazodone,O=c1n(CCCN2CCN(c3cccc(Cl)c3)CC2)nc2ccccn12,371.8720000000001,2.3617,0,6,45.78,5,4,0.3684210526315789,-4.619999900000002
Triazolam,Cc1nnc2n1-c1ccc(Cl)cc1C(c1ccccc1Cl)=NC2,343.21700000000004,4.233520000000002,0,4,43.07,1,4,0.11764705882352941,-4.5500002
Valproic acid,CCCC(CCC)C(=O)O,144.214,2.2874,1,1,37.3,5,0,0.875,-4.3200002
Valsartan,CCCCC(=O)N(Cc1ccc(-c2ccccc2-c2nnn[nH]2)cc1)[C@H](C(=O)O)C(C)C,435.52800000000013,4.161700000000002,2,5,112.07000000000001,10,3,0.375,-6.2600002
Yohimbine (YOH),COC(=O)C1C(O)CCC2CN3CCc4c([nH]c5ccccc45)C3CC21,354.45000000000005,2.647100000000001,2,4,65.56,1,5,0.5714285714285714,-4.8099999
Zolpidem,Cc1ccc(-c2nc3ccc(C)cn3c2CC(=O)N(C)C)cc1,307.39700000000005,3.2488400000000013,0,3,37.61000000000001,3,3,0.2631578947368421,-4.5
Zomepirac,Cc1cc(CC(=O)O)n(C)c1C(=O)c1ccc(Cl)cc1,291.73400000000004,2.8450200000000017,1,3,59.3,4,2,0.2,-4.6100001
Flavone,O=c1cc(-c2ccccc2)oc2ccccc12,222.243,3.4600000000000017,0,2,30.21,1,3,0.0,-3.9201083
Gly-Pro (glycylproline),NCC(=O)N1CCC[C@H]1C(=O)O,172.184,-0.9792999999999998,2,3,83.63000000000001,2,1,0.7142857142857143,-5.2123351
Phencyclidine (PCP),c1ccc(C2(N3CCCCC3)CCCCC2)cc1,243.39399999999992,4.331900000000004,0,1,3.24,2,3,0.6470588235294118,-4.48
DMP 851,CCCCN1C(=O)N(Cc2ccc3[nH]nc(N)c3c2)[C@H](Cc2ccccc2)[C@H](O)[C@@H](O)[C@H]1Cc1ccccc1,527.6690000000002,4.127200000000003,4,5,118.71000000000001,9,5,0.3548387096774194,-5.6788902000000006
N-Acetyl-D-alanyl-D-phenylalanine N-Methylamide (2),CNC(=O)[C@@H](Cc1ccccc1)NC(=O)[C@@H](C)NC(C)=O,291.35100000000006,-0.015500000000000458,3,3,87.30000000000001,6,1,0.4,-5.7484403
N-Acetyl-D-valyl-D-phenylalanine N-Methylamide (3a),CNC(=O)[C@@H](Cc1ccccc1)NC(=O)[C@H](NC(C)=O)C(C)C,319.4050000000001,0.6205999999999992,3,3,87.30000000000001,7,1,0.47058823529411764,-5.3900242
N-Acetyl-D-phenylalanyl-D-phenylalanine N-Methylamide (5a),CNC(=O)[C@@H](Cc1ccccc1)NC(=O)[C@@H](Cc1ccccc1)NC(C)=O,367.44900000000007,1.207299999999999,3,3,87.30000000000001,8,2,0.2857142857142857,-5.0499268
N-Acetyl-D-cyclohexylalanyl-D-phenylalanine N-Methylamide (6),CNC(=O)[C@@H](Cc1ccccc1)NC(=O)[C@@H](CC1CCCCC1)NC(C)=O,373.49700000000024,1.934999999999998,3,3,87.30000000000001,8,2,0.5714285714285714,-5.1413335999999985
N-Acetyl-D-alanine Phenethylamide (8),CC(=O)N[C@H](C)C(=O)NCCc1ccccc1,234.29899999999998,0.8699000000000001,2,2,58.2,5,1,0.38461538461538464,-4.6095328
N-Acetyl-D-leucine Phenethylamide (10),CC(=O)N[C@H](CC(C)C)C(=O)NCCc1ccccc1,276.37999999999994,1.8960999999999995,2,2,58.2,7,1,0.5,-4.513246499999998
N-Acetyl-D-phenylalanine Phenethylamide (11a),CC(=O)N[C@H](Cc1ccccc1)C(=O)NCCc1ccccc1,310.397,2.0926999999999993,2,2,58.2,7,2,0.2631578947368421,-4.4210458
N-Acetyl-D-cyclohexylalanine Phenethylamide (12),CC(=O)N[C@H](CC1CCCCC1)C(=O)NCCc1ccccc1,316.44499999999994,2.820400000000001,2,2,58.2,7,2,0.5789473684210527,-4.3517655999999985
1,CC1CCN(C(=O)CC(Cc2cccc(C(=N)N)c2)NS(=O)(=O)c2ccc3ccccc3c2)CC1,492.6450000000002,3.6620700000000017,3,4,116.35,8,4,0.3333333333333333,-6.8762317
2,N=C(N)c1cccc(CC(CC(=O)N2CCCCC2C(=O)O)NS(=O)(=O)c2ccc3ccccc3c2)c1,522.6270000000002,2.869270000000002,4,5,153.65,9,4,0.2962962962962963,-7.3814997999999985
3,COC(=O)C1CCCCN1C(=O)CC(Cc1cccc(C(=N)N)c1)NS(=O)(=O)c1ccc2ccccc2c1,536.6540000000001,2.957670000000001,3,6,142.65,9,4,0.32142857142857145,-7.1178856
4,N=C(N)c1cccc(CC(CC(=O)N2CCCC(C(=O)O)C2)NS(=O)(=O)c2ccc3ccccc3c2)c1,522.6270000000002,2.726770000000002,4,5,153.65,9,4,0.2962962962962963,-7.382024799999999
6,N=C(N)c1cccc(CC(CC(=O)N2CCC(C(=O)O)CC2)NS(=O)(=O)c2ccc3ccccc3c2)c1,522.6270000000002,2.726770000000002,4,5,153.65,9,4,0.2962962962962963,-7.3390937
7,COC(=O)C1CCN(C(=O)CC(Cc2cccc(C(=N)N)c2)NS(=O)(=O)c2ccc3ccccc3c2)CC1,536.6540000000001,2.815170000000001,3,6,142.65,9,4,0.32142857142857145,-7.0912943
8,N=C(NO)c1cccc(CC(CC(=O)N2CCC(C(=O)O)CC2)NS(=O)(=O)c2ccc3ccccc3c2)c1,538.6260000000002,2.746870000000002,5,6,159.89000000000001,9,4,0.2962962962962963,-7.3677616
9,CNC(=N)c1cccc(CC(CC(=O)N2CCC(C(=O)O)CC2)NS(=O)(=O)c2ccc3ccccc3c2)c1,536.6540000000002,2.987470000000002,4,5,139.66,9,4,0.32142857142857145,-7.1487603
13,CC1CCN(C(=O)CC(Cc2cccc(N)c2)NS(=O)(=O)c2ccc3ccccc3c2)CC1,465.61900000000026,3.960200000000002,2,4,92.5,7,4,0.34615384615384615,-4.997839
16,CNC(=N)c1cccc(CC(CC(=O)N2CCC(C)CC2)NS(=O)(=O)c2ccc3ccccc3c2)c1,506.6720000000002,3.9227700000000025,3,4,102.35999999999999,8,4,0.35714285714285715,-6.850390400000001
Alprenolol ester,C=CCc1ccccc1OCC(CNC(C)C)OC(=O)C1CC1,317.4290000000001,3.1137000000000015,1,4,47.56,10,2,0.5263157894736842,-4.1507826
Betaxolol ester,CC(C)NCC(COc1ccc(CCOCC2CC2)cc1)OC(=O)C1CC1,375.5090000000001,3.354300000000002,1,5,56.79,13,3,0.6818181818181818,-4.1300812
Oxprenolol ester,C=CCOc1ccccc1OCC(CNC(C)C)OC(=O)C1CC1,333.4280000000001,2.950000000000001,1,5,56.79,11,2,0.5263157894736842,-4.1920457
Sulfasalazine,O=C(O)C1=C/C(=N\Nc2ccc(S(=O)(=O)Nc3ccccn3)cc2)C=CC1=O,398.4000000000001,1.8002,3,7,137.82,6,3,0.0,-6.5171175
V,CCOc1cccc(NC(=O)OCCN2CCCC2)c1,278.3519999999999,2.7296000000000005,1,4,50.800000000000004,6,2,0.5333333333333333,-4.5500002
VIII,CCCOc1cccc(NC(=O)OCCN2CCCC2)c1,292.37899999999996,3.1197000000000017,1,4,50.800000000000004,7,2,0.5625,-4.5700002
XI,CCCCOc1cccc(NC(=O)OCCN2CCCC2)c1,306.40600000000006,3.509800000000002,1,4,50.800000000000004,8,2,0.5882352941176471,-4.5900002
XIV,CCCCCOc1cccc(NC(=O)OCCN2CCCC2)c1,320.4330000000001,3.8999000000000024,1,4,50.800000000000004,9,2,0.6111111111111112,-4.77
"DB75 [2,5-bis(4-amidinophenyl)furan]",N=C(N)c1ccc(-c2ccc(-c3ccc(C(=N)N)cc3)o2)cc1,304.353,3.1817400000000005,4,3,112.88,4,3,0.0,-6.4201083
Gomisin A,COc1cc2c(c(OC)c1OC)-c1c(cc3c(c1OC)OCO3)C[C@H](C)[C@@](C)(O)C2,416.47000000000025,3.602400000000002,1,7,75.61000000000001,4,4,0.4782608695652174,-4.5693183
Epinephrine,CNCC(O)c1ccc(O)c(O)c1,183.207,0.35060000000000013,4,4,72.72,3,1,0.3333333333333333,-6.0188646
Fleroxacin,CN1CCN(c2c(F)cc3c(=O)c(C(=O)O)cn(CCF)c3c2F)CC1,369.3430000000002,1.6991999999999998,1,5,65.78,4,3,0.4117647058823529,-4.8099742
Ceftriaxone,CO/N=C(/C(=O)N[C@@H]1C(=O)N2C(C(=O)O)=C(CSc3nc(=O)c(=O)[nH]n3C)CS[C@H]12)c1csc(N)n1,554.592,-1.6112999999999973,4,14,214.95999999999998,8,4,0.3333333333333333,-6.604713
Penicillin G,CC1(C)S[C@H]2[C@@H](NC(=O)Cc3ccccc3)C(=O)N2[C@@H]1C(=O)O,334.39700000000005,0.8607999999999998,2,4,86.71000000000001,4,3,0.4375,-5.8697934
BVaraU,O=c1[nH]c(=O)n([C@H]2O[C@@H](CO)[C@H](O)[C@H]2O)cc1/C=C/Br,349.137,-1.4862999999999988,4,7,124.78000000000002,3,2,0.45454545454545453,-5.3989701
Glutamine,NC(=O)CC[C@H](N)C(=O)O,146.14600000000002,-1.3361999999999998,3,3,106.41000000000001,4,0,0.6,-6.0702906
LY334370,CN1CCC(c2c[nH]c3ccc(NC(=O)c4ccc(F)cc4)cc23)CC1,351.4250000000001,4.368500000000003,2,2,48.13,3,4,0.2857142857142857,-5.3211966
Dexamethasone-?-D-glucoside,C[C@@H]1C[C@H]2[C@@H]3CCC4=CC(=O)C=C[C@]4(C)[C@@]3(F)[C@@H](O)C[C@]2(C)[C@@]1(O)C(=O)COC1O[C@@H](CO)[C@H](O)[C@@H](O)[C@@H]1O,554.6080000000004,-0.28009999999999885,6,10,173.98,5,5,0.7857142857142857,-6.3982739
Lactulose,OC[C@@H]1O[C@@](O)(CO)[C@H](O)[C@H]1O[C@@H]1O[C@H](CO)[C@H](O)[C@H](O)[C@H]1O,342.297,-5.395599999999993,8,11,189.52999999999997,5,2,1.0,-6.5364394
PNU 200603,N=C(N)c1ccc2nc(-c3ccccn3)[nH]c2c1,237.26600000000002,1.90897,3,3,91.44,2,3,0.0,-6.4579659000000005
L-alanine,C[C@H](N)C(=O)O,89.09399999999998,-0.5817999999999999,2,2,63.32000000000001,1,0,0.6666666666666666,-5.4201083
Tiotidine,C/N=C(\NC#N)NCCSCc1csc(N=C(N)N)n1,312.42800000000005,-0.07271999999999912,4,6,137.5,6,1,0.4,-5.6587887000000014
Glycylsarcosine,CN(CC(=O)O)C(=O)CN,146.14599999999996,-1.5118999999999982,2,3,83.63000000000001,3,0,0.6,-4.9000001
MEN15596,Cc1ccc2cc(C(=O)NC3(C(=O)N[C@H](Cc4ccccc4)C(=O)NCC4CCN(CC5CCOCC5)CC4)CCCC3)sc2c1,644.8820000000001,5.234620000000005,3,6,99.77000000000001,11,6,0.5405405405405406,-5.291214900000001
9-Nitrocamptothecin (9-NC),CC[C@@]1(O)C(=O)OCc2c1cc1n(c2=O)Cc2cc3c(N(O)O)cccc3nc2-1,395.3710000000001,1.6644,3,9,125.12,2,5,0.25,-5.198543099999998
H 95/71,CC(C)NCC(O)COc1ccc(NC=O)cc1,252.31400000000002,0.9925999999999993,3,4,70.59,8,1,0.46153846153846156,-5.4279842
H 244/45,CCC(=O)Nc1ccc(OCC(O)CNC(C)C)cc1,280.36799999999994,1.7727999999999997,3,4,70.59,8,1,0.5333333333333333,-5.2198415
Oxacillin,Cc1onc(-c2ccccc2)c1C(=O)N[C@@H]1C(=O)N2[C@@H](C(=O)O)C(C)(C)S[C@H]12,401.44400000000013,1.89532,2,6,112.74,4,4,0.3684210526315789,-4.8797115999999985
Cyclo(-PFwKTF-) (1),C[C@@H](O)[C@@H]1NC(=O)[C@H](CCCCN)NC(=O)[C@@H](Cc2c[nH]c3ccccc23)NC(=O)[C@H](Cc2ccccc2)NC(=O)[C@@H]2CCCN2C(=O)[C@H](Cc2ccccc2)NC1=O,806.9649999999998,1.134200000000011,8,8,227.84999999999997,11,6,0.4090909090909091,-6.2209244
Cyclo(-PFwKTMeF-) (3),C[C@@H](O)[C@@H]1NC(=O)[C@H](CCCCN)NC(=O)[C@@H](Cc2c[nH]c3ccccc23)NC(=O)[C@H](Cc2ccccc2)NC(=O)[C@@H]2CCCN2C(=O)[C@H](Cc2ccccc2)N(C)C1=O,820.9919999999997,1.476400000000011,7,8,219.05999999999997,11,6,0.4222222222222222,-6.3005152
Cyclo(-PFMewKTF-) (4),C[C@@H](O)[C@@H]1NC(=O)[C@H](CCCCN)NC(=O)[C@@H](Cc2c[nH]c3ccccc23)N(C)C(=O)[C@H](Cc2ccccc2)NC(=O)[C@@H]2CCCN2C(=O)[C@H](Cc2ccccc2)NC1=O,820.9919999999998,1.4764000000000104,7,8,219.05999999999997,11,6,0.4222222222222222,-6.3989701
Cyclo(-PFMewMeKTF-) (6),C[C@@H](O)[C@@H]1NC(=O)[C@H](CCCCN)N(C)C(=O)[C@@H](Cc2c[nH]c3ccccc23)N(C)C(=O)[C@H](Cc2ccccc2)NC(=O)[C@@H]2CCCN2C(=O)[C@H](Cc2ccccc2)NC1=O,835.0189999999999,1.8186000000000107,6,8,210.26999999999998,11,6,0.43478260869565216,-6.742363900000001
Ac-D-phe-NH2,CC(=O)N[C@@H](Cc1ccccc1)C(N)=O,206.24499999999998,0.21909999999999996,2,2,72.19,4,1,0.2727272727272727,-5.10009
Ac-D-phe2-NH2,CC(=O)N[C@@H](Cc1ccccc1)C(=O)N[C@H](Cc1ccccc1)C(N)=O,353.4220000000001,0.9465999999999999,3,3,101.28999999999999,8,2,0.25,-5.6994848
Ac-D-phe2-(NMe-D-phe)-NH2,CC(=O)N[C@@H](Cc1ccccc1)C(=O)N[C@H](Cc1ccccc1)C(=O)N(C)[C@@H](Cc1ccccc1)C(N)=O,514.6260000000002,2.0162999999999998,3,4,121.6,12,3,0.26666666666666666,-5.3484769
Ac-D-phe-(NMe-D-phe)2-NH2 {[14C]-Acf(N-Mef)2NH2 },CC(=O)N[C@@H](Cc1ccccc1)C(=O)N(C)[C@H](Cc1ccccc1)C(=O)N(C)[C@@H](Cc1ccccc1)C(N)=O,528.6530000000002,2.358499999999999,2,4,112.81,12,3,0.2903225806451613,-4.922927400000002
Ac-(NMe-D-phe)3-NH2,CC(=O)N(C)[C@@H](Cc1ccccc1)C(=O)N(C)[C@H](Cc1ccccc1)C(=O)N(C)[C@@H](Cc1ccccc1)C(N)=O,542.6800000000003,2.7007000000000003,1,4,104.02000000000001,12,3,0.3125,-4.6937804000000005
Ac-(NMe-D-phe)3-NHMe,CNC(=O)[C@H](Cc1ccccc1)N(C)C(=O)[C@@H](Cc1ccccc1)N(C)C(=O)[C@H](Cc1ccccc1)N(C)C(C)=O,556.7070000000001,2.9613999999999994,1,4,90.03,12,3,0.3333333333333333,-4.494889700000001
BMS 189664,CS(=O)(=O)N[C@H](Cc1ccccc1)C(=O)N1CCC[C@H]1C(=O)NCC1CCN(C(=N)N)CC1,478.61900000000037,-0.14042999999999717,4,5,148.69000000000003,8,3,0.5909090909090909,-6.561124799999999
PNU200969,CCOC(=O)NC(=N)c1ccc2nc(Cc3nc4ccccc4[nH]3)[nH]c2c1,362.39300000000003,3.101470000000001,4,5,119.53999999999999,4,4,0.15789473684210525,-6.152451
PNU-93936A,CC(=O)NCC1CN(c2cc(F)c(-c3ccncc3)c(F)c2)C(=O)O1,347.3210000000001,2.4881,1,4,71.53,4,3,0.23529411764705882,-4.29
PNU-100766,CC(=O)NC[C@H]1CN(c2ccc(N3CCOCC3)c(F)c2)C(=O)O1,337.35100000000006,1.1235999999999997,1,5,71.11,4,3,0.5,-4.6788902000000006
PNU-184435,CC(=S)NC[C@H]1CN(c2ccc(N3CCCS(=O)CC3)c(F)c2)C(=O)O1,399.51300000000015,2.0465999999999998,1,5,61.879999999999995,4,3,0.5294117647058824,-5.338621099999999
PNU-184249,CCC(=S)NC[C@H]1CN(c2ccc(N3CCN(C=O)CC3)c(F)c2)C(=O)O1,394.47200000000015,1.7562999999999998,1,5,65.12,6,3,0.5,-4.4579659000000005
PNU-184148,O=C(CO)N1CCN(c2ccc(N3C[C@H](CNC(=S)C4CC4)OC3=O)cc2F)CC1,436.5090000000003,1.1187999999999987,2,6,85.35,6,4,0.55,-4.4308991
PNU-184147,CCC(=S)NC[C@H]1CN(c2ccc(N3CCN(C(=O)CO)CC3)c(F)c2)C(=O)O1,424.4980000000002,1.1187999999999998,2,6,85.35000000000001,6,3,0.5263157894736842,-4.7423639
PNU-184421,CC(=O)NC[C@H]1CN(c2ccc(-c3ccc(C#N)nc3)c(F)c2)C(=O)O1,354.3410000000001,2.2206799999999998,1,5,95.32000000000001,4,3,0.2222222222222222,-4.3783755
PNU-184470,CC(=S)NC[C@H]1CN(c2ccc(N3CCCS(=O)(=O)CC3)c(F)c2)C(=O)O1,415.51200000000017,1.7127,1,6,78.95,4,3,0.5294117647058824,-4.6391363
PNU-179962,CC(=O)NC[C@H]1CN(c2ccc(-c3nnc(CC/C(C)=N\O)s3)c(F)c2)C(=O)O1,421.4540000000001,2.5882000000000005,2,8,117.01,7,3,0.3888888888888889,-5.250906
PNU-179399,NC(=S)NC[C@H]1CN(c2ccc(C3CCS(=O)(=O)CC3)c(F)c2)C(=O)O1,401.4850000000002,1.2762999999999995,2,5,101.73,4,3,0.5,-5.8880281
"NK1NK2 analogue 105 (MDL 105,212)",COc1cc(C(=O)N2CC[C@](CCN3CCC(C(N)=O)(c4ccccc4)CC3)(c3ccc(Cl)c(Cl)c3)C2)cc(OC)c1OC,640.6080000000001,5.712300000000005,1,6,94.33000000000001,10,5,0.4117647058823529,-5.4105153
NK1NK2 analogue 212 (15d),COc1cc(C(=O)N2CC[C@](CCN3CCC(C(=O)N4CCOCC4)(c4ccccc4)CC3)(c3ccc(Cl)c(Cl)c3)C2)cc(OC)c1OC,710.6990000000002,6.085800000000008,0,7,80.78000000000002,10,6,0.47368421052631576,-5.0814137000000015
366094,CNC(=O)C(c1ccc2nc(N)n(C(C)C)c2c1)c1cccc(F)c1F,358.392,3.355500000000002,2,4,72.94,4,3,0.2631578947368421,-5.0
"EI analogue 101 (MDL 101,146)",CC(C)C(NC(=O)[C@@H]1CCCN1C(=O)[C@@H](NC(=O)c1ccc(C(=O)N2CCOCC2)cc1)C(C)C)C(=O)C(F)(F)C(F)(F)F,632.6270000000005,2.8119000000000014,2,6,125.12,10,3,0.6206896551724138,-5.098455
354400,CC(C)NS(=O)(=O)n1c(N)nc2ccc(C(C(N)=O)c3cc(F)ccc3F)cc21,423.4450000000001,1.6048000000000002,3,6,133.1,6,3,0.2222222222222222,-4.5388007
"EI analogue 102 (MDL 102,111)",CC(C)C(NC(=O)[C@@H]1CCCN1C(=O)[C@@H](NC(=O)N1CCOCC1)C(C)C)C(=O)C(F)(F)C(F)(F)F,528.5190000000002,1.9512999999999987,2,5,108.05000000000001,8,2,0.8181818181818182,-4.517849900000001
368177,CNC(=O)C(c1ccc2nc(N)n(C3CCCC3)c2c1)c1ccccc1F,366.44,3.750600000000002,2,4,72.94,4,4,0.3333333333333333,-4.907450700000001
Thiamin (Vitamin B1),Cc1ncc(C[n+]2csc(CCO)c2C)c(N)n1,265.36199999999997,0.60774,2,5,75.91,4,2,0.4166666666666667,-5.2685814
6MAQH (W2),O=C(CS)NCCCCCC(=O)Nc1cccc2cccnc12,331.44100000000003,2.779700000000001,3,4,71.09,8,2,0.35294117647058826,-4.8496218
Bicyclol,COC(=O)c1cc(OC)c2c(c1-c1c(CO)cc(OC)c3c1OCO3)OCO2,390.3440000000002,2.1071,1,9,101.91000000000003,5,4,0.3157894736842105,-4.7979398
5'-L-phenylalanyl-floxuridine,NC(Cc1ccccc1)C(=O)OC[C@@H]1O[C@H](n2cc(F)c(=O)[nH]c2=O)C[C@H]1O,393.3710000000001,-0.5626999999999993,3,8,136.64,6,3,0.3888888888888889,-5.3891382000000005
5'-L-isoleucyl-floxuridine,CCC(C)C(N)C(=O)OC[C@@H]1O[C@H](n2cc(F)c(=O)[nH]c2=O)C[C@H]1O,359.3540000000001,-0.7592999999999983,3,8,136.64,6,2,0.6666666666666666,-5.5908804000000005
5'-L-valyl-L-phenylalanyl-floxuridine,CC(C)C(N)C(=O)NC(Cc1ccccc1)C(=O)OC[C@@H]1O[C@H](n2cc(F)c(=O)[nH]c2=O)C[C@H]1O,492.50400000000025,-0.4218999999999981,4,9,165.73999999999998,9,3,0.4782608695652174,-6.080461
5'-L-leucyl-L-glycyl-floxuridine,CC(C)CC(N)C(=O)NCC(=O)OC[C@@H]1O[C@H](n2cc(F)c(=O)[nH]c2=O)C[C@H]1O,416.4060000000001,-1.6430999999999965,4,9,165.73999999999998,8,2,0.6470588235294118,-5.4206805000000005
Tanshinol (TSL),O=C(O)C(O)Cc1ccc(O)c(O)c1,198.174,0.08580000000000004,4,4,97.99000000000001,3,1,0.2222222222222222,-5.9118199
Salvianolic acid A (SAA),O=C(/C=C/c1ccc(O)c(O)c1/C=C/c1ccc(O)c(O)c1)OC(Cc1ccc(O)c(O)c1)C(=O)O,494.4520000000002,3.342900000000003,7,9,184.98,8,3,0.07692307692307693,-7.2277412
Salvianolic acid D (SAD),O=C(O)Cc1c(/C=C/C(=O)OC(Cc2ccc(O)c(O)c2)C(=O)O)ccc(O)c1O,418.3540000000001,1.3883999999999999,6,8,181.81999999999996,8,2,0.15,-7.179570699999998
Lithospermic acid (LSA),O=C(/C=C/c1ccc(O)c2c1C(C(=O)O)C(c1ccc(O)c(O)c1)O2)OC(Cc1ccc(O)c(O)c1)C(=O)O,538.4610000000004,2.7688000000000015,7,10,211.27999999999997,8,4,0.14814814814814814,-7.0891552
14,CCCCCCC(N)C(=O)N[C@@H](Cc1c(C)cc(O)cc1C)C(=O)N1CCC[C@@H]1C(=O)N[C@@H](Cc1c[nH]c2ccccc12)C(=O)N[C@@H](Cc1ccccc1)C(N)=O,779.9830000000002,3.7466400000000046,7,7,212.74,19,5,0.4318181818181818,-6.222376799999998
Epimedin A,COc1ccc(-c2oc3c(CC=C(C)C)c(O[C@@H]4O[C@H](CO)[C@@H](O)[C@H](O)[C@H]4O)ccc3c(=O)c2O[C@@H]2O[C@H](CO)[C@@H](O)[C@H](O)[C@H]2O[C@@H]2O[C@@H](C)[C@H](O)[C@@H](O)[C@H]2O)cc1,822.8100000000005,-1.8134999999999963,10,19,297.12,12,6,0.5641025641025641,-6.4910722000000005
Epimedin B,COc1ccc(-c2oc3c(CC=C(C)C)c(O[C@@H]4O[C@H](CO)[C@@H](O)[C@H](O)[C@H]4O)cc(O)c3c(=O)c2O[C@H]2O[C@H](C)[C@@H](O)[C@H](O)[C@@H]2O[C@H]2OC[C@H](O)[C@@H](O)[C@@H]2O)cc1,808.7830000000006,-1.4687999999999986,10,19,297.12,11,6,0.5526315789473685,-6.5595455000000005
Icariin,COc1ccc(-c2oc3c(CC=C(C)C)c(O[C@@H]4O[C@H](CO)[C@@H](O)[C@H](O)[C@H]4O)cc(O)c3c(=O)c2O[C@H]2O[C@H](C)[C@@H](O)[C@H](O)[C@@H]2O)cc1,676.6680000000005,0.06789999999999852,8,15,238.19999999999996,9,5,0.48484848484848486,-6.2292061
Baohuoside I,COc1ccc(-c2oc3c(CC=C(C)C)c(O)cc(O)c3c(=O)c2O[C@H]2O[C@H](C)[C@@H](O)[C@H](O)[C@@H]2O)cc1,514.5270000000003,2.5948,5,10,159.05,6,4,0.37037037037037035,-5.8378239
Umbelliferone,O=c1ccc2ccc(O)cc2o1,162.14399999999998,1.4986,1,3,50.44,0,2,0.0,-4.5710139000000005
Angelol-A,C/C=C(/C)C(=O)O[C@H](c1cc2ccc(=O)oc2cc1OC)[C@H](O)C(C)(C)O,376.40500000000014,2.4839000000000007,2,7,106.20000000000002,6,2,0.4,-4.8123703
Angelol-B,C/C=C(/C)C(=O)O[C@@H]([C@@H](O)c1cc2ccc(=O)oc2cc1OC)C(C)(C)O,376.40500000000014,2.4839000000000007,2,7,106.20000000000002,6,2,0.4,-4.8499289
"8-Hydroxy-pentadeca-(9E,13Z)-dien-11-yn-2-one (2)",C/C=C\C#C/C=C/C(O)CCCCCC(C)=O,234.33899999999988,3.0225000000000017,1,2,37.3,7,0,0.5333333333333333,-4.3099017
"Pentadeca-(8Z,13Z)dien-11-yn-2-one (5)",C/C=C\C#CC/C=C\CCCCCC(C)=O,218.33999999999992,4.051700000000003,0,1,17.07,7,0,0.5333333333333333,-5.0
"Tetradec-(8Z)-ene-11,13-diyn-2-one (6)",C#CC#CC/C=C\CCCCCC(C)=O,202.29699999999994,3.1088000000000022,0,1,17.07,7,0,0.5,-4.492425
SB639,O=C(/C=C/c1ccc2c(c1)nc(CCc1ccccc1)n2CCN1CCCC1)NO,404.51400000000024,3.4359,2,5,70.39,8,4,0.3333333333333333,-5.5207167
PB-26,Cn1cncc1CN1CC(N(Cc2cccc(-n3cccc3)c2)S(=O)(=O)c2ccccn2)Cc2cc(C#N)ccc21,563.6870000000002,4.2998800000000035,0,8,100.05000000000001,8,6,0.1935483870967742,-5.6391363
PB-27,Cn1cncc1CN1CC(N(Cc2ccccn2)S(=O)(=O)c2ccccn2)Cc2cc(C#N)ccc21,499.60000000000025,2.90418,0,8,108.01000000000002,7,5,0.23076923076923078,-5.7979398
PB-104,CCOC(=O)N1CCC(CN(C2Cc3cc(C#N)ccc3N(Cc3cncn3C)C2)S(=O)(=O)c2ccccn2)CC1,577.7110000000001,3.177480000000002,0,9,124.65999999999998,8,5,0.4482758620689655,-5.5875134000000015
MEN14268,O=C(NC1(C(=O)N[C@@H](Cc2ccccc2)C(=O)NCCCN2CCOCC2)CCCC1)c1cc2ccccc2s1,562.7360000000006,3.5099000000000036,3,6,99.77000000000001,11,5,0.45161290322580644,-5.0478787
MEN14732,O=C(NC1(C(=O)N[C@H](Cc2ccccc2)C(=O)NCCCN2CCOCC2)CCCC1)c1ccc(-c2ccccc2)cc1,582.7450000000007,3.9622000000000037,3,5,99.77000000000001,12,5,0.4,-4.7399998
MEN14745,O=C(NC1(C(=O)N[C@H](Cc2ccccc2)C(=O)NCCCN2CCOCC2)CCCC1)c1cc2ccccc2o1,546.6680000000006,3.041400000000002,3,6,112.91000000000001,11,5,0.45161290322580644,-5.2209244
MEN15353,O=C(NC1(C(=O)N[C@H](Cc2ccccc2)C(=O)NC2CCN(CC3CCOCC3)CC2)CCCC1)c1cc2ccccc2s1,616.8280000000007,4.678600000000004,3,6,99.77000000000001,10,6,0.5142857142857142,-5.0700002
MEN15366,O=C(NC1(C(=O)N[C@H](Cc2ccccc2)C(=O)NCCC2CCN(CC3CCOCC3)CC2)CCCC1)c1cc2ccccc2s1,644.8820000000006,5.316300000000005,3,6,99.77000000000001,12,6,0.5405405405405406,-5.4094677
MEN15716,CCN(CC)c1ccc2cc(C(=O)NC3(C(=O)N[C@H](Cc4ccccc4)C(=O)NCC4CCN(CC5CCOCC5)CC4)CCCC3)sc2c1,701.9779999999997,5.7724000000000055,3,7,103.01,14,6,0.575,-4.997839
-,O=C(O)c1ccncc1,123.11099999999998,0.7797999999999999,1,2,50.19,1,1,0.0,-5.1900001
-,Nc1cccnc1,94.117,0.6638000000000001,1,2,38.91,0,1,0.0,-4.5380535
-,NC(=O)c1ccncc1,122.12699999999997,0.18049999999999994,1,2,55.980000000000004,1,1,0.0,-4.2782722
-,Clc1ccncc1,113.54699999999998,1.7349999999999997,0,1,12.89,0,1,0.0,-4.220202
-,OCc1ccncc1,109.12799999999999,0.5739,1,2,33.120000000000005,1,1,0.16666666666666666,-4.0902224
-,c1ccc(-c2ccncc2)cc1,155.2,2.7486000000000006,0,1,12.89,1,2,0.0,-4.0680037
-,Nc1ccncc1,94.11699999999999,0.6638000000000001,1,2,38.91,0,1,0.0,-4.0202255
-,CCc1ccncc1,107.15599999999998,1.644,0,1,12.89,1,1,0.2857142857142857,-3.9723473
-,c1ccncc1,79.10199999999998,1.0816,0,1,12.89,0,1,0.0,-3.9703081
-,Cc1ccncc1,93.12899999999999,1.39002,0,1,12.89,0,1,0.16666666666666666,-3.9612868
-,c1ccc(-c2cccnc2)cc1,155.2,2.7486000000000006,0,1,12.89,1,2,0.0,-3.8880284
4'-Cl BZT,CN1C2CC[C@@H]1CC(OC(c1ccccc1)c1ccc(Cl)cc1)C2,341.88200000000006,5.071200000000005,0,2,12.47,4,4,0.42857142857142855,-4.9114642
"3',4''-diCl BZT",CN1C2CC[C@@H]1CC(OC(c1ccc(Cl)cc1)c1cccc(Cl)c1)C2,376.3270000000001,5.724600000000005,0,2,12.47,4,4,0.42857142857142855,-5.5975828000000005
7-MF,COc1ccc2c(=O)cc(-c3ccccc3)oc2c1,252.269,3.468600000000002,0,3,39.44,2,3,0.0625,-4.6479459
"5,7-DMF",COc1cc(OC)c2c(=O)cc(-c3ccccc3)oc2c1,282.2950000000001,3.4772000000000025,0,4,48.67,3,3,0.11764705882352941,-4.6313224
"5,7,4'-TMF",COc1ccc(-c2cc(=O)c3c(OC)cc(OC)cc3o2)cc1,312.321,3.485800000000002,0,5,57.900000000000006,4,3,0.16666666666666666,-4.5595455000000005
"7,4'-DHF",O=c1cc(-c2ccc(O)cc2)oc2cc(O)ccc12,254.24099999999999,2.871200000000001,2,4,70.67,1,3,0.0,-5.2123351
"Chrysin (5,7-DHF)",O=c1cc(-c2ccccc2)oc2cc(O)cc(O)c12,254.24099999999999,2.8712000000000013,2,4,70.67,1,3,0.0,-5.0105972
"Apigenin (5,7,4'-THF)",O=c1cc(-c2ccc(O)cc2)oc2cc(O)cc(O)c12,270.24,2.576800000000001,3,5,90.9,1,3,0.0,-4.9821801
12d,Cn1cnc(S(=O)(=O)N(CCN(Cc2cncn2C)c2ccc(C#N)cc2)Cc2ccccc2)c1,489.6050000000002,2.922980000000001,0,8,100.05000000000001,10,4,0.24,-5.9593034000000005
12q,Cn1cnc(S(=O)(=O)N(CCN(Cc2cncn2C)c2ccc(C#N)cc2)CC2CCCCC2)c1,495.65300000000036,3.3030800000000013,0,8,100.05000000000001,10,4,0.48,-5.8219547
Biotin-Saquinavir,CC(C)(C)NC(=O)[C@@H]1CC2CCCCC2CN1CC(OC(=O)CCCCC1SCC2NC(=O)NC21)[C@H](Cc1ccccc1)NC(=O)[C@H](CC(N)=O)NC(=O)c1ccc2ccccc2n1,897.1559999999998,4.369100000000007,6,10,213.95,18,7,0.5625,-6.4094677
G6191,CN1C(=O)CN(CCC(=O)O)C(=O)c2cc(NCc3ccc(C(=N)N)cc3)ccc21,409.44600000000014,1.4760700000000004,4,5,139.82000000000002,7,3,0.23809523809523808,-6.4579659000000005
G6262,CCOC(=O)CCN1CC(=O)N(C)c2ccc(OCc3ccc(C(=N)N)cc3)cc2C1=O,438.4840000000002,1.9214699999999996,2,6,126.02000000000001,8,3,0.30434782608695654,-6.3682656
G6264,CCOC(=O)CCN1CC(=O)N(C)c2ccc(NCc3ccc(C(=N)N)cc3)cc2C1=O,437.5000000000002,1.9545699999999993,3,6,128.82,8,3,0.30434782608695654,-6.8519359
XP13512,CC(OC(=O)NCC1(CC(=O)O)CCCCC1)OC(=O)C(C)C,329.39300000000003,2.683,2,5,101.93,7,1,0.8125,-4.5093193
20(S)-camptothecin (CPT),CC[C@]1(O)C(=O)OCc2c1cc1n(c2=O)-c2cc3ccccc3nc2C1,348.35800000000006,1.9443000000000001,1,6,81.42,1,5,0.25,-4.3318486
353462,CN(C)C(=O)NS(=O)(=O)n1c(N)nc2ccc(C(C(N)=O)c3cccc(F)c3)cc21,434.45300000000015,0.7389000000000011,3,7,153.41,5,3,0.16666666666666666,-4.1700001
366853,CC(C)n1c(N)nc2ccc(C(C(N)=O)c3cccc(F)c3F)cc21,344.36500000000007,3.094800000000001,2,4,86.93,4,3,0.2222222222222222,-5.187450900000001
CPU-86017,COc1ccc2c(c1OC)C[N+]1(Cc3ccc(Cl)cc3)CCc3cc4c(cc3C1C2)OCO4.[Cl-],500.42200000000025,2.4604,0,4,36.92,4,6,0.3333333333333333,-6.2314224000000005
Harmol,Cc1nccc2c1[nH]c1cc(O)ccc12,198.225,2.7301200000000003,2,2,48.91,0,3,0.08333333333333333,-5.3022589999999985
CF 1525 (p-Me),COC(=O)C(C)NP(=O)(OC[C@@H]1C=C[C@H](n2cc(C)c(=O)[nH]c2=O)O1)Oc1ccc(C)cc1,479.4260000000003,1.9618399999999987,2,9,137.94999999999996,9,3,0.38095238095238093,-5.8474512
CF 1523 (p-Cl),COC(=O)C(C)NP(=O)(OC[C@@H]1C=C[C@H](n2cc(C)c(=O)[nH]c2=O)O1)Oc1ccc(Cl)cc1,499.8440000000003,2.306819999999999,2,9,137.94999999999996,9,3,0.35,-5.7328787000000005
CF 1517 (p-Br),COC(=O)C(C)NP(=O)(OC[C@@H]1C=C[C@H](n2cc(C)c(=O)[nH]c2=O)O1)Oc1ccc(Br)cc1,544.2950000000003,2.41592,2,9,137.94999999999996,9,3,0.35,-5.6954093
CF 1572 (p-I),COC(=O)C(C)NP(=O)(OC[C@@H]1C=C[C@H](n2cc(C)c(=O)[nH]c2=O)O1)Oc1ccc(I)cc1,591.2950000000003,2.2580199999999992,2,9,137.94999999999996,9,3,0.35,-5.130000099999998
Roxithromycin,CC[C@@H]1OC(=O)[C@@H](C)[C@H](O[C@@H]2C[C@](C)(OC)[C@H](O)[C@@H](C)O2)[C@H](C)[C@H](O[C@@H]2O[C@H](C)C[C@H](N(C)C)[C@H]2O)[C@@](C)(O)C[C@@H](C)/C(=N\OCOCCOC)[C@H](C)[C@@H](O)[C@@]1(C)O,837.058,2.2096000000000076,5,17,216.88999999999996,13,3,0.9512195121951219,-5.7397189000000015
"2-Amino-1-methyl-6-phenylimidazo-[4,5-b]pyridine (PhIP)",Cn1c(N)nc2ncc(-c3ccccc3)cc21,224.26700000000002,2.2175000000000002,1,4,56.730000000000004,1,3,0.07692307692307693,-4.8205117999999985
8,COc1cc(C)ccc1S(=O)(=O)NC(=O)C(c1ccc2c(c1)OCO2)c1cn(C)c2cc(C#N)ccc12,517.5630000000002,3.732700000000003,1,8,119.65,6,5,0.18518518518518517,-5.1011863
10,COc1cc(C)ccc1S(=O)(=O)NC(=O)C(c1ccc2c(c1)OCO2)c1cn(C)c2cc(F)ccc12,510.54300000000023,4.000120000000003,1,7,95.86000000000001,6,5,0.19230769230769232,-4.6994848
11,COc1cc(C)ccc1S(=O)(=O)NC(=O)C(c1ccc2c(c1)OCO2)c1cn(C)c2cc(C(C)=O)ccc12,534.5900000000003,4.063620000000004,1,8,112.93,7,5,0.21428571428571427,-5.8519359
12,COCc1ccc2c(C(C(=O)NS(=O)(=O)c3ccc(C)cc3OC)c3ccc4c(c3)OCO4)cn(C)c2c1,536.6060000000003,4.007420000000003,1,8,105.09,8,5,0.25,-5.3005152
14,Cc1ccc(S(=O)(=O)NC(=O)C(c2ccc3c(c2)OCO3)c2cn(C)c3cc(CO)ccc23)cc1,492.5530000000003,3.3447200000000024,2,7,106.86,6,5,0.19230769230769232,-5.769775900000001
15,COCCn1cc(C(C(=O)NS(=O)(=O)c2ccc(C)cc2OC)c2ccc3c(c2)OCO3)c2ccc(COC)cc21,580.6590000000002,4.116820000000003,1,9,114.32000000000002,11,5,0.3,-5.7979398
16,COCCn1cc(C(C(=O)NS(=O)(=O)c2ccc(C)cc2OC)c2ccc3c(c2)OCO3)c2ccc(F)cc21,554.5960000000003,4.109520000000003,1,8,105.09000000000002,9,5,0.25,-5.720623000000002
14c,Cn1c(C(=O)NC2(C(=O)N[C@H](Cc3ccccc3)C(=O)NCCCN3CCOCC3)CCCC2)cc2ccccc21,559.7110000000006,2.786900000000003,3,6,104.7,11,5,0.46875,-4.9723473
21c,O=C(NC1(C(=O)N[C@H](Cc2ccccc2)C(=O)NCCCN2CCC(O)CC2)CCCC1)c1cc2ccccc2s1,576.7630000000006,3.634400000000003,4,6,110.77000000000001,11,5,0.46875,-5.8519359
25a,O=C(NC1(C(=O)N[C@H](Cc2ccccc2)C(=O)NCCCC(=O)N2CCC(N3CCOCC3)CC2)CCCC1)c1cc2ccccc2s1,673.8800000000005,3.8910000000000036,3,7,120.08,12,6,0.5135135135135135,-5.769775900000001
25f,O=C(NC1(C(=O)N[C@H](Cc2ccccc2)C(=O)NCCC(=O)N2CCN(C3CCOCC3)CC2)CCCC1)c1cc2ccccc2s1,659.8530000000005,3.5009000000000032,3,7,120.08,11,6,0.5,-5.8880281
48d,O=C(NC1(C(=O)N[C@H](Cc2ccccc2)C(=O)NCC2CCN(CC3CCOCC3)CC2)CCCC1)c1cc2ccc(C(F)(F)F)cc2s1,698.8520000000008,5.9450000000000065,3,6,99.77000000000001,11,6,0.5405405405405406,-5.1919103
48e,COc1ccc2cc(C(=O)NC3(C(=O)N[C@H](Cc4ccccc4)C(=O)NCC4CCN(CC5CCOCC5)CC4)CCCC3)sc2c1,660.8809999999999,4.934800000000004,3,7,109.0,12,6,0.5405405405405406,-5.9593034000000005
20E 22-ethyl ether (5),CCO[C@H](CCC(C)(C)O)[C@](C)(O)[C@H]1CC[C@@]2(O)C3=CC(=O)[C@@H]4C[C@@H](O)[C@@H](O)C[C@@]4(C)C3CC[C@]12C,508.69600000000037,2.8982,5,7,127.45000000000002,7,4,0.896551724137931,-4.8600001
20E 22-allyl ether (7),C=CCO[C@H](CCC(C)(C)O)[C@](C)(O)[C@H]1CC[C@@]2(O)C3=CC(=O)[C@@H]4C[C@@H](O)[C@@H](O)C[C@@]4(C)C3CC[C@]12C,520.7070000000003,3.064300000000001,5,7,127.45000000000002,8,4,0.8333333333333334,-4.6900001
20E 25-methyl ether (10),COC(C)(C)CC[C@@H](O)[C@](C)(O)[C@H]1CC[C@@]2(O)C3=CC(=O)[C@@H]4C[C@@H](O)[C@@H](O)C[C@@]4(C)C3CC[C@]12C,494.6690000000003,2.5080999999999998,5,7,127.45000000000002,6,4,0.8928571428571429,-4.7600002
PoA 22-methyl ether (18),CO[C@H](CCC(C)C)[C@](C)(O)[C@H]1CC[C@@]2(O)C3=CC(=O)[C@@H]4C[C@@H](O)[C@@H](O)C[C@@]4(C)C3CC[C@]12C,478.6700000000003,3.393200000000002,4,6,107.22,6,4,0.8928571428571429,-4.579999900000002
20-Hydroxyecdysone (25),CC(C)(O)CC[C@@H](O)[C@](C)(O)[C@H]1CC[C@@]2(O)C3=CC(=O)[C@@H]4C[C@@H](O)[C@@H](O)C[C@@]4(C)C3CC[C@]12C,480.64200000000034,1.8539999999999994,6,7,138.45000000000002,5,4,0.8888888888888888,-4.79
Muristerone A (28),CC(C)CC[C@@H](O)[C@](C)(O)[C@H]1CC[C@@]2(O)C3=CC(=O)[C@]4(O)C[C@@H](O)[C@@H](O)C[C@@]4(C)C3[C@@H](O)C[C@]12C,496.64100000000025,0.8247999999999993,7,8,158.67999999999998,5,4,0.8888888888888888,-4.9000001
"(E)-4-(3,4-dimethoxyphenyl)but-3-en-1-yl linoleate (1)",CCCCC/C=C\C/C=C\CCCCCCCC(=O)OCC/C=C/c1ccc(OC)c(OC)c1,470.6940000000002,8.463800000000006,0,4,44.760000000000005,20,1,0.5666666666666667,-4.8498521
"(E)-4-(3,4-dimethoxyphenyl)but-3-en-1-yl oleate (2)",CCCCCCCC/C=C\CCCCCCCC(=O)OCC/C=C/c1ccc(OC)c(OC)c1,472.7100000000002,8.687800000000006,0,4,44.760000000000005,21,1,0.6333333333333333,-5.0101638
Compound D,COc1ccc(/C=C/CCO)cc1OC,208.25699999999998,2.0994,1,3,38.69,5,1,0.3333333333333333,-4.8428431
Rutaecarpine (RCP),O=c1c2ccccc2nc2n1CCc1c-2[nH]c2ccccc12,287.322,3.100900000000001,1,3,50.68,0,5,0.1111111111111111,-5.0582528
Evodiamine (EDM),CN1c2ccccc2C(=O)N2CCc3c([nH]c4ccccc34)C21,303.365,3.3148000000000017,1,2,39.34,0,5,0.21052631578947367,-4.632256
YH439,Cc1csc(NC(=O)C(C(=O)OC(C)C)=C2SCS2)n1,330.456,2.9907200000000014,1,7,68.29,4,2,0.4166666666666667,-4.5100002
Choline,C[N+](C)(C)CCO,104.17299999999999,-0.3150999999999999,1,1,20.23,2,0,1.0,-4.9521427000000005
Cerulenin,C/C=C/C/C=C/CCC(=O)[C@@H]1O[C@@H]1C(N)=O,223.272,1.1107999999999998,1,3,72.69,7,1,0.5,-5.4224062
Rebaudioside A,C=C1C[C@]23CC[C@H]4[C@@](C)(CCC[C@@]4(C)C(=O)OC4O[C@@H](CO)[C@H](O)[C@@H](O)[C@@H]4O)C2CC(O[C@H]2O[C@@H](CO)[C@H](O)C(O[C@H]4O[C@@H](CO)[C@H](O)[C@@H](O)[C@@H]4O)[C@@H]2O[C@H]2O[C@@H](CO)[C@H](O)[C@@H](O)[C@@H]2O)[C@H]1C3,967.0210000000008,-5.257999999999982,14,23,374.13000000000005,12,8,0.9318181818181818,-6.9593034
D-Phe-D-Ala-D-Ser-OH,C[C@H](NC(=O)[C@H](N)Cc1ccccc1)C(=O)N[C@H](CO)C(=O)O,323.3490000000001,-1.377199999999998,5,5,141.75,8,1,0.4,-6.2819986
"Dimethyl-4',4'-dimethoxy-5,6,5',6'-dimethylene dioxybiphenyl-2,2'-dicarboxylate (DDB)",COC(=O)c1cc(OC)c2c(c1-c1c(C(=O)OC)cc(OC)c3c1OCO3)OCO2,418.35400000000027,2.4014000000000006,0,10,107.98000000000002,5,4,0.3,-4.1687455
Carbendazim,COC(=O)Nc1nc2ccccc2[nH]1,191.19000000000003,1.7411999999999996,2,3,67.00999999999999,1,2,0.1111111111111111,-4.1011863
Dexloxiglumide,CCCCCN(CCCOC)C(=O)[C@@H](CCC(=O)O)NC(=O)c1ccc(Cl)c(Cl)c1,461.3860000000001,4.0119000000000025,2,4,95.94,14,1,0.5714285714285714,-5.1401309999999985
Lys-FITC-OCH3,COC(=O)[C@H](N)CCCCNC(=S)Nc1ccc2c(c1)C(=O)OC21c2ccc(O)cc2Oc2cc(O)ccc21,549.6050000000004,3.6228000000000016,5,9,152.36999999999998,7,5,0.25,-5.8313413
Neostenine,CC[C@@H]1C2CCCCN3CCC(C23)[C@@H]2[C@H](C)C(=O)O[C@H]12,277.408,2.6945000000000006,0,3,29.540000000000003,1,4,0.9411764705882353,-4.9198675000000005
Decursinol angelate (DA),CC(C)=CC(=O)O[C@@H]1Cc2cc3ccc(=O)oc3cc2OC1(C)C,328.3640000000001,3.384500000000002,0,5,65.74000000000001,2,3,0.3684210526315789,-4.9204097
Imidacloprid (IMI),ON(O)NC1=NCCN1Cc1ccc(Cl)nc1,257.681,0.49160000000000026,3,7,84.22,3,2,0.3333333333333333,-4.6677732
Laudanosine (LAU),COc1ccc(CC2c3cc(OC)c(OC)cc3CCN2C)cc1OC,357.45000000000016,3.492700000000003,0,5,40.16,6,3,0.42857142857142855,-4.5497985
Cepharanthine (CEP),COc1ccc2cc1Oc1ccc(cc1)CC1c3c(cc4c(c3Oc3cc5c(cc3OC)CCN(C)C5C2)OCO4)CCN1C,606.7190000000002,6.873900000000009,0,8,61.86000000000001,2,9,0.35135135135135137,-4.1877432
Corynanthine (COR),COC(=O)[C@H]1[C@H](O)CC[C@@H]2CN3CCc4c([nH]c5ccccc45)[C@H]3C[C@H]21,354.45000000000005,2.647100000000001,2,4,65.56,1,5,0.5714285714285714,-4.729893700000001
Ac-Trp-Ala-Gly-Gly-Asp-Ala-NH2,CC(=O)NC(Cc1c[nH]c2ccccc12)C(=O)NC(C)C(=O)NCC(=O)NCC(=O)NC(CC(=O)O)C(=O)NC(C)C(N)=O,616.6320000000002,-3.0982999999999956,9,8,270.78,16,2,0.4074074074074074,-7.4981046
Ac-Gly-Asn-Ala-NH2,CC(=O)NCC(=O)N[C@@H](CC(N)=O)C(=O)N[C@@H](C)C(N)=O,301.30300000000005,-3.5272999999999968,5,5,173.48,8,0,0.5454545454545454,-6.5900002
Ac-Gly-Lys-Ala-NH2,CC(=O)NCC(=O)N[C@@H](CCCCN)C(=O)N[C@@H](C)C(N)=O,315.374,-2.2736999999999963,5,5,156.41,10,0,0.6923076923076923,-7.0100002
cyclo[Trp-Ala-Gly-Gly-Asp-Ala],CC1NC(=O)C(CC(=O)O)NC(=O)CNC(=O)CNC(=O)C(C)NC(=O)C(Cc2c[nH]c3ccccc23)NC1=O,557.5640000000002,-2.589899999999993,8,7,227.68999999999997,4,3,0.4,-7.0307584
Strychnine (Str),O=C1C[C@@H]2OCC=C3CN4CC[C@]56c7ccccc7N1[C@H]5[C@H]2[C@H]3C[C@H]46,334.41900000000004,2.0925000000000002,0,3,32.78,0,7,0.5714285714285714,-4.5086198
Brucine (Bru),COc1cc2c(cc1OC)[C@]13CCN4CC5=CCO[C@@H]6CC(=O)N2[C@@H]1[C@@H]6[C@@H]5C[C@@H]43,394.4710000000001,2.1097,0,5,51.24,2,7,0.6086956521739131,-4.7786422
Brucine N-oxide (B-N),COc1cc2c(cc1OC)[C@]13CC[N+]4([O-])CC5=CCO[C@@H]6CC(=O)N2[C@@H]1[C@@H]6[C@@H]5C[C@H]34,410.47000000000014,2.1223,0,5,71.05999999999999,2,7,0.6086956521739131,-5.46
Pseudostrychnine (Psd),O=C1C[C@H]2OCC=C3CN4C[C@H](O)C56c7ccccc7N1[C@@H]5[C@H]2[C@H]3CC46,350.41800000000006,1.063299999999999,1,4,53.01,0,7,0.5714285714285714,-4.6001629999999984
Bilirubin,C=CC1=C(C)/C(=C\c2[nH]c(Cc3[nH]c(/C=C4/NC(=O)C(C)=C4C=C)c(C)c3CCC(=O)O)c(CCC(=O)O)c2C)NC1=O,584.6730000000005,4.531240000000002,6,4,164.38,12,4,0.2727272727272727,-6.1314831
Bilirubin ditaurate,C=CC1=C(C)/C(=C\c2[nH]c(Cc3[nH]c(/C=C4/NC(=O)C(C)=C4C=C)c(C)c3CCC(=O)NCCS(=O)(=O)O)c(CCC(=O)NCCS(=O)(=O)O)c2C)NC1=O,798.9410000000001,2.370040000000003,8,8,256.71999999999997,18,4,0.35135135135135137,-6.0594678
Biliverdin,C=CC1=C(C)/C(=C\C2=N/C(=C\c3[nH]c(/C=C4/NC(=O)C(C)=C4C=C)c(C)c3CCC(=O)O)C(CCC(=O)O)=C2C)NC1=O,582.6570000000004,4.806520000000003,5,5,160.95,11,4,0.24242424242424243,-5.6290045
16,COc1cnn(C)c(=O)c1-c1ccc(C[C@@H](CO)NC(=O)c2c(Cl)cccc2Cl)cc1,462.3330000000001,3.0961000000000016,2,6,93.45000000000002,7,3,0.22727272727272727,-5.6010299
32b,COc1ccc2c(O[C@@H]3C[C@H]4C(=O)N[C@]5(C(=O)NS(=O)(=O)C6CC6)C[C@H]5/C=C\CCCCN(C)C(=O)[C@@H]4C3)cc(-c3nc(C(C)C)cs3)nc2c1,735.9290000000001,4.945700000000004,2,10,156.89,8,7,0.5405405405405406,-4.8880281
TMC435350 (32c),COc1ccc2c(O[C@@H]3C[C@H]4C(=O)N[C@]5(C(=O)NS(=O)(=O)C6CC6)C[C@H]5/C=C\CCCCN(C)C(=O)[C@@H]4C3)cc(-c3nc(C(C)C)cs3)nc2c1C,749.956,5.254120000000005,2,10,156.89,8,7,0.5526315789473685,-5.0778604000000005
32f,COc1ccc2c(O[C@@H]3C[C@H]4C(=O)N[C@]5(C(=O)NS(=O)(=O)C6CC6)C[C@H]5/C=C\CCCCN(C)C(=O)[C@@H]4C3)cc(-c3nc(C(C)C)cs3)nc2c1Cl,770.374,5.599100000000005,2,10,156.89,8,7,0.5405405405405406,-5.238286
32g,COc1ccc2c(O[C@@H]3C[C@H]4C(=O)N[C@]5(C(=O)NS(=O)(=O)C6CC6)C[C@H]5/C=C\CCCCN(C)C(=O)[C@@H]4C3)cc(-n3ccc(C(C)C)n3)nc2c1C,732.904,4.316320000000003,2,10,161.82,8,7,0.5526315789473685,-4.8219547
32h,COc1ccc2c(O[C@@H]3C[C@H]4C(=O)N[C@]5(C(=O)NS(=O)(=O)C6CC6)C[C@H]5/C=C\CCCCN(C)C(=O)[C@@H]4C3)cc(-c3cccc(C(C)C)n3)nc2c1C,743.927,5.192620000000004,2,9,156.89,8,7,0.525,-4.9204097
DXG (9),COc1ccc(-c2cc(=O)c3c(O)cc(OC4O[C@H](CO[C@@H]5OC[C@@H](O)[C@H](O)[C@H]5O)[C@@H](O)[C@H](O)[C@H]4O)cc3o2)cc1O,594.5220000000003,-1.4782000000000002,8,15,238.19999999999996,7,5,0.4444444444444444,-6.1599998
Isovitexin (10),O=c1cc(-c2ccc(O)cc2)oc2cc(O)c([C@@H]3O[C@H](CO)[C@@H](O)[C@H](O)[C@H]3O)c(O)c12,432.38100000000014,0.09169999999999978,7,10,181.04999999999998,3,4,0.2857142857142857,-6.2003298
DG (13),COc1ccc(-c2cc(=O)c3c(O)cc(O[C@@H]4O[C@H](CO)[C@@H](O)[C@H](O)[C@H]4O)cc3o2)cc1O,462.40700000000015,0.05849999999999955,6,11,179.28,5,4,0.3181818181818182,-6.9204097
Kaempferol (16),O=c1c(O)c(-c2ccc(O)cc2)oc2cc(O)cc(O)c12,286.23900000000003,2.2824000000000004,4,6,111.13000000000001,1,3,0.0,-4.9899998
Tamarixetin (17),COc1ccc(-c2oc3cc(O)cc(O)c3c(=O)c2O)cc1O,316.26500000000004,2.2910000000000017,4,7,120.36000000000001,2,3,0.0625,-5.0013065
Quercitrin (21),C[C@@H]1O[C@@H](Oc2c(-c3ccc(O)c(O)c3)oc3cc(O)cc(O)c3c2=O)[C@@H](O)[C@H](O)[C@@H]1O,448.38000000000017,0.4886999999999995,7,11,190.27999999999997,3,4,0.2857142857142857,-6.0999999
Isoquercitrin (22),O=c1c(O[C@@H]2O[C@H](CO)[C@@H](O)[C@H](O)[C@H]2O)c(-c2ccc(O)c(O)c2)oc2cc(O)cc(O)c12,464.37900000000025,-0.5388999999999995,8,12,210.51,4,4,0.2857142857142857,-6.27
IRR (23),COc1cc(-c2oc3cc(O)cc(O)c3c(=O)c2OC2O[C@H](CO[C@H]3O[C@H](C)[C@@H](O)[C@H](O)[C@@H]3O)[C@@H](O)[C@H](O)[C@H]2O)ccc1O,624.5480000000003,-1.3840999999999999,9,16,258.42999999999995,7,5,0.4642857142857143,-6.5388007
Eriodictyol (28),O=C1CC(c2ccc(O)c(O)c2)Oc2cc(O)cc(O)c21,288.25500000000005,2.215500000000001,4,6,107.22000000000001,1,3,0.13333333333333333,-5.2800002
Puerarin (34),O=c1c(-c2ccc(O)cc2)coc2c(C3O[C@H](CO)[C@@H](O)[C@H](O)[C@H]3O)c(O)ccc12,416.38200000000006,0.3860999999999998,6,9,160.82,3,4,0.2857142857142857,-6.3989701
Isoliquiritigenin (35),O=C(/C=C/c1ccc(O)cc1)c1ccc(O)cc1O,256.257,2.699500000000001,3,4,77.76,3,2,0.0,-4.8378239
(-)-Epicatechin (36),Oc1cc(O)c2c(c1)O[C@H](c1ccc(O)c(O)c1)[C@H](O)C2,290.271,1.5460999999999998,5,6,110.38000000000001,1,3,0.2,-6.4311924000000005
7d,Cc1ccc(N2CCN(C(=O)[C@H](C)Cc3ccc(Cl)cc3)CC2)c([C@@H](N)C(C)C)c1,428.02000000000027,4.831620000000004,1,3,49.57,6,3,0.48,-5.3000002
9,CNCCN[C@H](c1cc(C)ccc1N1CCN(C(=O)[C@H](C)Cc2ccc(Cl)cc2F)CC1)C(C)C,503.1060000000002,4.821020000000003,2,4,47.61,10,3,0.5357142857142857,-5.52
10c,CNCC(=O)N[C@H](c1cccc(F)c1N1CCN(C(=O)[C@H](C)Cc2ccc(Cl)cc2Cl)CC1)C(C)C,537.5070000000002,4.692600000000004,2,4,64.68,9,3,0.48148148148148145,-5.6999998
10d,CC(C)[C@H](NC(=O)CCN(C)C)c1cccc(F)c1N1CCN(C(=O)[C@H](C)Cc2ccc(Cl)cc2)CC1,531.1160000000001,4.771500000000005,1,4,55.89000000000001,10,3,0.5172413793103449,-5.0
11b,Cc1ccc(N2CCN(C(=O)[C@H](C)Cc3ccc(Cl)cc3)CC2)c([C@@H](NC(=O)CCN)C(C)C)c1,499.0990000000004,4.337920000000003,2,4,78.67,9,3,0.5,-5.5214390999999985
11c,CNCCC(=O)N[C@H](c1cc(C)ccc1N1CCN(C(=O)[C@H](C)Cc2ccc(Cl)cc2)CC1)C(C)C,513.1260000000003,4.598620000000004,2,4,64.68,10,3,0.5172413793103449,-4.9204097
11e,Cc1ccc(N2CCN(C(=O)[C@H](C)Cc3ccc(Cl)cc3F)CC2)c([C@@H](NC(=O)CCN(C)C)C(C)C)c1,545.1430000000004,5.079920000000005,1,4,55.89,10,3,0.5333333333333333,-4.4308991
12c,COc1cc(Cl)ccc1C[C@@H](C)C(=O)N1CCN(c2ccc(Cl)cc2[C@@H](NC(=O)C(C)N)C(C)C)CC1,549.543,4.689900000000002,2,5,87.9,9,3,0.5,-5.5214390999999985
12d,CC(C)[C@H](NC(=O)CCN(C)C)c1cc(Cl)ccc1N1CCN(C(=O)[C@H](C)Cc2ccc(Cl)cc2)CC1,547.5710000000001,5.285800000000005,1,4,55.89000000000001,10,3,0.5172413793103449,-5.0478787
"3-[5-(4-hydroxyphenyl)-1,3-oxazol-2-yl]phenol (18)",Oc1ccc(-c2cnc(-c3cccc(O)c3)o2)cc1,253.25700000000003,3.4198000000000013,2,4,66.49000000000001,2,3,0.0,-5.1011863
N-(4-Chlorophenyl)-1-(2-(pyridin-4-yl)ethyl)-1H-pyrazole-5-carboxamide (11),O=C(Nc1ccc(Cl)cc1)c1ccnn1CCc1ccncc1,326.78700000000003,3.4265000000000017,1,4,59.81,5,3,0.11764705882352941,-5.1590075
19,CCc1ccc(NC(=O)c2ccnn2CCc2ccncc2)cc1,320.396,3.3355000000000024,1,4,59.81,6,3,0.21052631578947367,-5.0116143
20,O=C(Nc1ccc(OC(F)(F)F)cc1)c1ccnn1CCc1ccncc1,376.3380000000001,3.671700000000002,1,5,69.03999999999999,6,3,0.16666666666666666,-5.1515226
N-(4-(Chlorodifluoromethoxy)phenyl)-1-(2-(pyridin-4-yl)ethyl)-1H-pyrazole-5-carboxamide (22),O=C(Nc1ccc(OC(F)(F)Cl)cc1)c1ccnn1CCc1ccncc1,392.7930000000001,3.9410000000000025,1,5,69.03999999999999,7,3,0.16666666666666666,-5.3275695
N-(4-tert-Butylphenyl)-1-(2-(pyridin-4-yl)ethyl)-1H-pyrazole-5-carboxamide (23),CC(C)(C)c1ccc(NC(=O)c2ccnn2CCc2ccncc2)cc1,348.45,4.070600000000003,1,4,59.81,5,3,0.2857142857142857,-5.1295056
24,CC(C)c1ccc(NC(=O)c2ccnn2CCc2ccncc2)cc1,334.423,3.8965000000000023,1,4,59.81,6,3,0.25,-5.0886235
1,Cc1cc(COc2ccc(C(=O)N[C@@H]3CC4(C[C@@H]3C(=O)NO)OCCO4)cc2)c2ccccc2n1,477.51700000000017,2.8791200000000012,3,7,119.01,6,5,0.34615384615384615,-5.7423639
"18 (5R,S)",Cc1cc(COc2ccc(C(=O)N[C@@H]3C[C@@]4(CCCO4)C[C@@H]3C(=O)NO)cc2)c2ccccc2n1,475.54500000000013,3.685220000000002,3,6,109.78,6,5,0.37037037037037035,-5.6319547
4-(Pyridin-4-ylmethylamino)-N-(3-(trifluoromethyl)phenyl)isothiazole-3-carboxamide (3),O=C(Nc1cccc(C(F)(F)F)c1)c1nscc1NCc1ccncc1,378.3790000000001,4.421300000000002,2,5,66.91,5,3,0.11764705882352941,-5.158072
9,O=C(Nc1cccc(OC(F)(F)F)c1)c1nscc1NCc1ccncc1,394.37800000000004,4.301100000000002,2,6,76.14,6,3,0.11764705882352941,-5.1003633000000015
N-(3-tertbutylphenyl)-4-(pyridin-4-ylmethylamino)isothiazole-3-carboxamide (11),CC(C)(C)c1cccc(NC(=O)c2nscc2NCc2ccncc2)c1,366.49000000000007,4.700000000000003,2,5,66.91,5,3,0.25,-5.2516832
14,O=C(Nc1cccc(Br)c1)c1nscc1NCc1ccncc1,389.2780000000001,4.165000000000002,2,5,66.91,5,3,0.0625,-5.2606096
22,Cc1ccc(NC(=O)c2nscc2NCc2ccncc2)cc1C(F)(F)F,392.40600000000006,4.729720000000002,2,5,66.91,5,3,0.16666666666666666,-5.2295737
4-(quinolin-4-ylmethylamino)-N-(3-(trifluoromethyl)phenyl)isothiazole-3-carboxamide (30),O=C(Nc1cccc(C(F)(F)F)c1)c1nscc1NCc1ccnc2ccccc12,428.43900000000014,5.574500000000003,2,5,66.91,5,4,0.09523809523809523,-5.5700002
6,Cn1c(NCCCN2CCC(CN3c4ccccc4Sc4ccc(C(=O)O)cc43)CC2)cc(=O)n(C)c1=O,535.6700000000004,3.5991000000000017,2,9,99.81,8,5,0.39285714285714285,-5.8989701
6b,CN(CCCN1CCC(CN2c3ccccc3Sc3ccc(C(=O)O)cc32)CC1)c1cc(=O)n(C)c(=O)n1C,549.6970000000002,3.623400000000002,1,9,91.02000000000001,8,5,0.41379310344827586,-5.7209244
22,Cn1c(N2CCCN(CCCN3c4ccccc4Sc4ccc(C(=O)O)cc43)CC2)cc(=O)n(C)c1=O,521.6430000000004,2.987300000000002,1,9,91.02000000000001,6,5,0.37037037037037035,-4.8289509000000015
24,Cn1c(N2CCCN(CCCN3c4ccccc4Sc4c(C(=O)O)cccc43)CC2)cc(=O)n(C)c1=O,521.6430000000004,2.987300000000002,1,9,91.02000000000001,6,5,0.37037037037037035,-5.8005152
25,Cn1c(N2CCN(CCN3c4ccccc4Sc4ccc(C(=O)O)cc43)CC2)cc(=O)n(C)c1=O,493.5890000000004,2.2070999999999996,1,9,91.02000000000001,5,5,0.32,-5.3099999
26,Cn1c(N2CCN(CCCCN3c4ccccc4Sc4ccc(C(=O)O)cc43)CC2)cc(=O)n(C)c1=O,521.6430000000004,2.987300000000001,1,9,91.02000000000001,7,5,0.37037037037037035,-4.6900001
28,Cn1c(N2CCCN(CCCN3c4ccccc4Sc4ccc(CC(=O)O)cc43)CC2)cc(=O)n(C)c1=O,535.6700000000004,2.9162000000000017,1,9,91.02000000000001,7,5,0.39285714285714285,-5.2600002
30,Cn1c(N2CCCN(CCCN3c4ccccc4Sc4ccc(CCC(=O)O)cc43)CC2)cc(=O)n(C)c1=O,549.6970000000003,3.306300000000002,1,9,91.02000000000001,8,5,0.41379310344827586,-5.1100001
32,Cn1c(N2CCCN(CCCN3c4ccccc4Sc4ccc(C(C)(C)C(=O)O)cc43)CC2)cc(=O)n(C)c1=O,563.7240000000003,3.6513000000000027,1,9,91.02000000000001,7,5,0.43333333333333335,-5.0
34,Cn1c(N2CCCN(CCCN3c4ccccc4Sc4ccc(OCC(=O)O)cc43)CC2)cc(=O)n(C)c1=O,551.6690000000003,2.7525000000000013,1,10,100.25,8,5,0.39285714285714285,-5.8005152
35,Cn1c(N2CCCN(CCCN3c4ccccc4Sc4ccc(/C=C/C(=O)O)cc43)CC2)cc(=O)n(C)c1=O,547.6810000000003,3.3869000000000016,1,9,91.02000000000001,7,5,0.3448275862068966,-4.6493707
36,Cn1c(C2=CCN(CCCN3c4ccccc4Sc4ccc(CC(=O)O)cc43)CC2)cc(=O)n(C)c1=O,518.6390000000004,3.4932000000000007,1,8,87.78,7,5,0.32142857142857145,-4.8289509000000015
17d,CC(C)[C@@H](C(=O)N[C@H](C)Cc1ccc(O)c(C(C)(C)C)c1)N(C)C(=O)[C@@H](N)Cc1ccccc1,467.6540000000002,3.789900000000002,3,4,95.66,9,2,0.5,-4.9186072
KAR-2,CC[C@]1(O)C[C@H]2CN(CCc3c([nH]c4ccccc34)[C@@](C(=O)OC)(c3cc4c(cc3OC)N(C)[C@H]3[C@@]5(C[C@]6(CC)C=CCN7CC[C@]43[C@@H]76)OC(=O)N(CCCl)C5=O)C2)C1,826.4349999999997,5.501600000000006,2,10,127.88,7,10,0.5869565217391305,-4.8616409
11-keto-beta-boswellic acid (KBA),C[C@H]1C[C@@]2(C)C(=CC(=O)[C@@H]3[C@]4(C)CC[C@@H](O)[C@@](C)(C(=O)O)[C@H]4CC[C@]32C)[C@@H]2[C@@H](C)[C@H](C)CC[C@H]12,470.6940000000003,6.124400000000007,2,3,74.6,1,5,0.8666666666666667,-5.8000002
Bis(7)-tacrine (B7T),c1ccc2c(NCCCCCCCNc3c4c(nc5ccccc35)CCCC4)c3c(nc2c1)CCCC3,492.7110000000004,8.015100000000007,2,4,49.84,10,6,0.45454545454545453,-5.441246499999999
1,Cc1c(O)c2c(c(C)c1CCO)C(=O)C(C)(C)C2,248.32199999999995,2.30884,2,3,57.53,2,2,0.5333333333333333,-4.7597256
3,Cc1c(O)c2c(c(C)c1CCO[C@@H]1O[C@H](CO)[C@@H](O)[C@H](O)[C@H]1O)C(=O)C(C)(C)C2,410.46300000000014,0.13303999999999938,5,8,136.68,5,3,0.6666666666666666,-6.0107207
"Quercetin 3,4'-diglucoside",O=c1c(OC2O[C@H](CO)[C@@H](O)[C@H](O)[C@H]2O)c(-c2ccc(OC3O[C@H](CO)[C@@H](O)[C@H](O)[C@H]3O)c(O)c2)oc2cc(O)cc(O)c12,626.5200000000002,-3.065799999999999,11,17,289.66,7,5,0.4444444444444444,-7.0478787
D-Glu(OBzl)-Ala,CC(NC(=O)[C@@H](N)CCC(=O)OCc1ccccc1)C(=O)O,308.334,0.42660000000000026,3,5,118.72000000000001,8,1,0.4,-5.6912522
D-Ser(Bzl)-Ala,CC(NC(=O)[C@@H](N)COCc1ccccc1)C(=O)O,266.29699999999997,0.11980000000000007,3,4,101.65000000000002,7,1,0.38461538461538464,-5.9906998
Glycocholate,C[C@H](CCC(=O)NCC(=O)[O-])[C@H]1CC[C@H]2[C@H]3[C@H](C[C@H](O)[C@@]21C)[C@@]1(C)CC[C@@H](O)C[C@H]1C[C@H]3O,464.6230000000003,1.2302000000000004,4,6,129.92000000000002,6,4,0.9230769230769231,-5.7141905
F-(S)-IZD,O=C1C[C@@H](c2ccc(C[C@H](NS(=O)(=O)c3ccccc3)c3nc4ccccc4[nH]3)cc2F)S(=O)([O-])=N1,527.5790000000001,3.5341000000000022,2,6,144.40999999999997,7,5,0.16666666666666666,-6.5214390999999985
Cyclo(-PFMewKTMeF-) (7),C[C@@H](O)[C@@H]1NC(=O)[C@H](CCCCN)N(C)C(=O)[C@@H](Cc2c[nH]c3ccccc23)NC(=O)[C@H](Cc2ccccc2)NC(=O)[C@@H]2CCCN2C(=O)[C@H](Cc2ccccc2)N(C)C1=O,835.0189999999998,1.8186000000000107,6,8,210.26999999999998,11,6,0.43478260869565216,-6.570000200000001
M1,CN(C)CC1CCCCC1(O)c1cccc(O)c1,249.354,2.331600000000001,2,3,43.7,3,2,0.6,-4.7799463
Epigallocatechin (EGC),Oc1cc(O)c2c(c1)O[C@H](c1cc(O)c(O)c(O)c1)[C@H](O)C2,306.27000000000004,1.2517,6,7,130.61,1,3,0.2,-6.8284068
Fluorescein,O=C(O)c1ccccc1-c1c2ccc(=O)cc-2oc2cc(O)ccc12,332.31100000000004,3.9686000000000012,2,4,87.74,2,4,0.0,-4.77
DB377 (4),CCO/N=C(\N)c1ccc(-c2ccc(-c3ccc(/C(N)=N/OCC)cc3)o2)cc1,392.4590000000001,3.9272000000000027,2,5,108.36,8,3,0.18181818181818182,-5.2295737
NS5B inhibitor 2,CC(C)CCn1c(=O)c(C2=NS(=O)(=O)c3ccccc3N2)c(O)c2cccn21,400.4600000000001,2.4137000000000004,2,7,105.17,4,4,0.2631578947368421,-4.9593034000000005
Deoxynivalenol (DON),CC1=C[C@@H]2O[C@@H]3[C@@H](O)C[C@](C)([C@]34CO4)[C@]2(CO)[C@@H](O)C1=O,296.319,-0.8377000000000003,3,6,99.52000000000001,1,4,0.8,-5.3005152
Putrescine,NCCCCN,88.15400000000001,-0.3159999999999998,2,2,52.04,3,0,1.0,-4.5179658
Met-enkephalin,CSCC[C@H](NC(=O)[C@H](Cc1ccccc1)NC(=O)CNC(=O)CNC(=O)[C@@H](N)Cc1ccc(O)cc1)C(=O)O,573.6720000000005,-0.45559999999999384,7,8,199.95,16,2,0.37037037037037035,-7.380000099999998
[D-Ala2]Met-enkephalin,CSCC[C@H](NC(=O)[C@H](Cc1ccccc1)NC(=O)CNC(=O)[C@@H](C)NC(=O)[C@@H](N)Cc1ccc(O)cc1)C(=O)O,587.6990000000004,-0.06709999999999489,7,8,199.95,16,2,0.39285714285714285,-7.02
Metkephamid,CN[C@@H](CCSC)C(=O)NC(=O)[C@H](Cc1ccccc1)NC(=O)CNC(=O)[C@@H](C)NC(=O)[C@@H](N)Cc1ccc(O)cc1,600.7420000000003,-0.4056999999999933,7,9,191.75,16,2,0.41379310344827586,-7.309999900000001
Oxazolidin-2-one (OXa),CC(=O)NCC1CN(c2ccc(C(C)=O)cc2)C(=O)O1,276.29200000000003,1.3504999999999998,1,4,75.71000000000001,4,2,0.35714285714285715,-4.5900002
OXb,CC(=O)c1ccc(N2CC(CO)OC2=O)cc1,235.23899999999998,1.2066999999999999,1,4,66.84,3,2,0.3333333333333333,-4.1799998
OXc,CC(=O)c1ccc(N2CC(CN)OC2=O)cc1,234.25499999999997,1.1731,1,4,72.63,3,2,0.3333333333333333,-4.8499999
OXd,CCCOCOCC1CN(c2ccc(C(C)=O)cc2)C(=O)O1,307.34600000000006,2.615100000000001,0,5,65.07000000000001,8,2,0.5,-3.95
OXe,CC(=O)NC(O)CNc1ccc(C(C)=O)cc1,236.271,0.7555999999999996,3,4,78.43,5,1,0.3333333333333333,-5.2199998
OXf,CC(=O)NCC1CN(c2ccc(C(C)=O)cc2)S(=O)N1C,309.3910000000001,0.7243999999999999,1,3,69.72,4,2,0.42857142857142855,-5.119999900000002
OXh,CC(=O)NCC1CN(c2ccc(C(C)O)cc2)C(=O)N1,277.324,0.7741999999999998,3,3,81.67000000000002,4,2,0.42857142857142855,-5.6999998
OXo,CC(=O)NCC1CN(S(=O)(=O)c2ccc(C)cc2)C(=O)O1,312.34700000000004,0.64062,1,5,92.78000000000002,4,2,0.38461538461538464,-4.7199998
OXn,CC(=O)c1ccc2c(c1)N1C(=O)OCC1CC2,231.25099999999992,2.1605999999999996,0,3,46.61,1,3,0.38461538461538464,-4.0100002
Ac-Trp-Ala-Gly-Gly-Lys-Ala-NH2,CC(=O)N[C@@H](Cc1c[nH]c2ccccc12)C(=O)N[C@@H](C)C(=O)NCC(=O)NCC(=O)N[C@@H](CCCCN)C(=O)N[C@@H](C)C(N)=O,629.7190000000002,-2.4439999999999955,9,8,259.5,18,2,0.4827586206896552,-7.309999900000001
Cytarabine (1),O=c1nc(O)ccn1[C@@H]1O[C@H](CO)[C@@H](O)[C@@H]1O,244.20299999999997,-2.4396,4,8,125.04,2,2,0.5555555555555556,-6.0999999
5'-L-valyl-cytarabine (2),CC(C)[C@H](N)C(=O)OC[C@H]1O[C@@H](n2ccc(O)nc2=O)[C@@H](O)[C@@H]1O,343.33600000000007,-1.9053999999999989,4,10,157.13,5,2,0.6428571428571429,-5.23
XM970,CCCCC(=O)NS(=O)(=O)c1ccccc1-c1ccc(Cn2c(CCC)nc(CC)c2C(=O)O)c(F)c1,529.6340000000005,4.945700000000005,2,6,118.36,12,3,0.37037037037037035,-5.1999998
E15,CC(C)S(=O)(=O)n1c(N)nc2ccc(/C(=C/C(N)=O)c3c(F)c(F)c(F)c(F)c3F)cc21,474.4110000000002,2.8173000000000004,2,6,121.07,5,3,0.15789473684210525,-4.1999998
E17,CC(C)S(=O)(=O)n1c(N)nc2ccc(/C(=C/C(N)=O)c3cc(F)c(F)c(F)c3)cc21,438.43100000000015,2.5391000000000004,2,6,121.07,5,3,0.15789473684210525,-4.329999900000002
E23,CNC(=O)/C=C(\c1cccc(F)c1)c1ccc2nc(N)n(S(=O)(=O)NC(=O)N3CCOCC3)c2c1,502.5280000000003,1.07,3,8,148.64999999999998,5,4,0.22727272727272727,-4.3899999
E24,CNC(=O)/C=C(\c1cccc(F)c1)c1ccc2nc(N)n(S(=O)(=O)NC(=O)N3CCCC3)c2c1,486.5290000000003,1.8336,3,7,139.42,5,4,0.22727272727272727,-4.0999998999999985
E25,NC(=O)/C=C(\c1cccc(F)c1)c1ccc2nc(N)n(S(=O)(=O)NC(=O)N3CCOCC3)c2c1,488.5010000000003,0.8093000000000004,3,8,162.64,5,4,0.19047619047619047,-4.7399998
E28,CNC(=O)/C=C(/c1ccc2nc(N)n(C3CCCC3)c2c1)c1ccccc1F,378.4510000000001,4.050400000000002,2,4,72.94,4,4,0.2727272727272727,-5.1500001
Naringin,C[C@@H]1O[C@@H](O[C@H]2[C@H](Oc3cc(O)c4c(c3)O[C@H](c3ccc(O)cc3)CC4=O)O[C@H](CO)[C@@H](O)[C@@H]2O)[C@H](O)[C@H](O)[C@H]1O,580.5390000000003,-1.1652000000000007,8,14,225.05999999999997,6,5,0.5185185185185185,-6.820000200000001
N-desmethylclozapine,Clc1ccc2c(c1)NC(N1CCNCC1)=c1ccccc1=N2,312.804,1.6876999999999998,2,4,39.66,1,4,0.23529411764705882,-4.6799998
13,CCCCCCCCCC(=O)Nc1ccc(S(=O)(=O)Nc2nncs2)cc1,410.5650000000001,4.4181000000000035,2,6,101.05,12,2,0.5,-5.46
14,CCCCCCCCCCCCc1ccc(S(=O)(=O)Nc2nncs2)cc1,409.62100000000004,5.802300000000005,1,5,71.95,14,2,0.6,-5.3200002
VX-950,CCC[C@H](NC(=O)C1[C@H]2CCC[C@H]2CN1C(=O)[C@@H](NC(=O)[C@@H](NC(=O)c1cnccn1)C1CCCCC1)C(C)(C)C)C(=O)C(=O)NC1CC1,679.8629999999999,2.4459000000000035,4,8,179.56,13,5,0.7222222222222222,-5.3200002
BILN-2061,COc1ccc2c(O[C@@H]3CC4C(=O)N[C@]5(C(=O)O)C[C@@H]5/C=C\CCCCC[C@H](NC(=O)OC5CCCC5)C(=O)N4C3)cc(-c3csc(NC(C)C)n3)nc2c1,774.941,6.052700000000005,4,11,181.31,9,7,0.55,-5.6599998
2c,N=C(N)c1cccc(-n2nc(C(F)(F)F)cc2C(=O)Nc2ncc(-c3ccccc3S(N)(=O)=O)cn2)c1,530.4920000000001,2.5318700000000005,4,8,182.72999999999996,6,4,0.045454545454545456,-7.0
4b,Cc1cc(C(=O)Nc2ccc(-c3ccccc3S(N)(=O)=O)cc2F)n(-c2cccc(CN)c2)n1,479.53700000000026,3.345220000000001,3,6,133.1,6,4,0.08333333333333333,-6.0
4c,Cc1cc(C(=O)Nc2ccc(-c3ccccc3S(C)(=O)=O)cc2)n(-c2cccc(CN)c2)n1,460.55900000000025,3.962220000000001,2,6,107.08,6,4,0.12,-5.9000001
4f,NCc1cccc(-n2nc(C(F)(F)F)cc2C(=O)Nc2ccc(-c3ccccc3S(N)(=O)=O)cc2F)c1,533.5070000000002,4.055600000000001,3,6,133.1,6,4,0.08333333333333333,-6.0
4g,CS(=O)(=O)c1ccccc1-c1ccc(NC(=O)c2cc(C(F)(F)F)nn2-c2cccc(CN)c2)cc1,514.5290000000002,4.672600000000003,2,6,107.08,6,4,0.12,-5.5
4h,CS(=O)(=O)c1ccccc1-c1ccc(NC(=O)c2cc(C(F)(F)F)nn2-c2cccc(CN)c2)c(F)c1,532.5190000000002,4.811700000000003,2,6,107.08,6,4,0.12,-5.3000002
4c,COC(=O)/C=C/CNC(=O)CN1C(=O)[C@@H](COC(=O)Nc2ccc(Cl)cc2C(F)(F)F)N=C(c2ccccc2)c2ccccc21,643.018,5.005500000000004,2,7,126.40000000000002,9,4,0.1935483870967742,-5.420000099999998
1-naphthol,Oc1cccc2ccccc12,144.17299999999997,2.5454000000000008,1,1,20.23,0,2,0.0,-4.4899998
V,CC(C)C[C@H](O)[C@H](O)[C@H](CC1CCCCC1)NC(=O)CCCCCc1ccccc1,417.6340000000002,5.012600000000004,3,3,69.56,13,2,0.7307692307692307,-5.1500001
a,O=C(O)CC(CC1CCN(C(=O)CCc2ccc3c(n2)NCCC3)CC1)c1cnc2ccccc2c1,486.61600000000027,4.807700000000005,2,5,95.42,8,5,0.4482758620689655,-5.8899999
b,O=C(O)CC(CC1CCN(C(=O)CCc2ccc3c(n2)NCCC3)CC1)C1CNc2ccccc2C1,490.6480000000003,4.376300000000003,3,5,94.56,8,5,0.5517241379310345,-5.5999999
C,O=C(O)CC(C1CCN(C(=O)CCCc2ccc3c(n2)NCCC3)CC1)C1CNc2ccccc2C1,490.6480000000003,4.376300000000003,3,5,94.56,8,5,0.5517241379310345,-5.2199998
I-II,O=C(O)C[C@@H](c1cnc2ccccc2c1)N1CC[C@@H](CCCc2ccc3c(n2)NCCC3)C1=O,458.56200000000035,4.375100000000003,2,5,95.41999999999999,8,5,0.4074074074074074,-5.6900001
5'-L-Val-FUdR,CC(C)C(N)C(=O)OC[C@@H]1O[C@H](n2cc(F)c(=O)[nH]c2=O)C[C@H]1O,345.32700000000006,-1.1493999999999986,3,8,136.64,5,2,0.6428571428571429,-5.29
5'-L-Leu-FUdR,CC(C)[C@H](N)C(=O)OC[C@@H]1O[C@H](n2cc(F)c(=O)[nH]c2=O)C[C@H]1O,345.32700000000006,-1.1493999999999986,3,8,136.64,5,2,0.6428571428571429,-6.0100002
Methylparaben,COC(=O)c1ccc(O)cc1,152.149,1.1788,1,3,46.53,1,1,0.125,-4.46
Propylparaben,CCCOC(=O)c1ccc(O)cc1,180.20299999999997,1.9589999999999999,1,3,46.53,3,1,0.3,-4.3899999
Butylparaben,CCCCOC(=O)c1ccc(O)cc1,194.23,2.349100000000001,1,3,46.53,4,1,0.36363636363636365,-4.4899998
Octylparaben,CCCCCCCCOC(=O)c1ccc(O)cc1,250.33800000000002,3.909500000000003,1,3,46.53,8,1,0.5333333333333333,-4.880000099999998
Arzanol,CCc1oc(O)c(Cc2c(O)c(CC=C(C)C)c(O)c(C(C)=O)c2O)c(=O)c1C,402.44300000000015,3.6351200000000032,4,7,128.20000000000002,6,2,0.36363636363636365,-4.71
2,NC(=O)c1c(F)ccc(OCc2nc3cc(Cl)cnc3s2)c1F,355.753,3.3008000000000006,1,5,78.10000000000001,4,3,0.07142857142857142,-4.3099999
4,CC(=O)N[C@H](Cc1ccccc1)C(=O)N(C)[C@H](Cc1ccccc1)C(=O)N[C@H](Cc1ccccc1)C(N)=O,514.6260000000002,2.0162999999999998,3,4,121.6,12,3,0.26666666666666666,-5.0900002
6,CNC(=O)[C@@H](Cc1ccccc1)NC(=O)[C@@H](Cc1ccccc1)NC(=O)[C@@H](Cc1ccccc1)NC(C)=O,514.6260000000002,1.9347999999999994,4,4,116.4,12,3,0.26666666666666666,-5.380000099999998
Pyrilamine Maleate,COc1ccc(CN(CCN(C)C)c2ccccn2)cc1,285.391,2.658400000000001,0,4,28.6,7,2,0.35294117647058826,-4.6599998
Org 12962,FC(F)(F)c1ccc(N2CCNCC2)nc1Cl,265.66599999999994,2.1634,1,3,28.16,1,2,0.5,-4.5999999
Org 5222,CN1C[C@@H]2c3ccccc3Oc3ccc(Cl)cc3[C@H]2C1,285.77400000000006,4.258500000000003,0,2,12.47,0,4,0.29411764705882354,-4.73
Org 33062,CC1(C)CC(=O)N(CCCCN2CCN(c3ncccn3)CC2)C(=O)C1,359.47400000000016,1.5539999999999996,0,6,69.64000000000001,6,3,0.6842105263157895,-4.6999998
Org 25907,CC1(C)CC(=O)N(CCCCN2CCN(c3ncccn3)CC2)C(=O)C1O,375.4730000000001,0.5248000000000006,1,7,89.87000000000002,6,3,0.6842105263157895,-4.8899999
Org 13011,O=C1CCCN1CCCCN1CCN(c2cc(C(F)(F)F)ccn2)CC1,370.4190000000001,2.625000000000001,0,4,39.68000000000001,6,3,0.6666666666666666,-4.7399998
Org 34037,Clc1ccc(C2CN3CCN=C3c3ccccc32)cc1,282.774,3.5477000000000025,0,2,15.6,1,4,0.23529411764705882,-4.7199998
Org 23366,O=C(CCCN1CCC(=C(c2ccc(F)cc2)c2ccc(F)cc2)CC1)N1CCCC1,424.5350000000003,5.265100000000005,0,2,23.550000000000004,6,4,0.4230769230769231,-5.0599999
Org 34167,C=CCC(N)c1ccccc1-c1noc2ccccc12,264.328,4.070700000000002,1,3,52.05,4,3,0.11764705882352941,-4.869999900000002
21d,CC(C)[C@H](NC(=O)[C@H](OCc1ccccc1)[C@H](O)[C@@H](O)[C@@H](OCc1ccccc1)C(=O)N[C@H]1c2ccccc2C[C@H]1O)C(=O)NCCF,665.7590000000001,1.8799999999999983,6,8,166.45,17,4,0.4166666666666667,-5.8000002
2,CNC(=O)[C@@H](NC(=O)[C@H](OCc1ccccc1)[C@H](O)[C@@H](O)[C@@H](OCc1ccccc1)C(=O)N[C@H]1c2ccccc2C[C@H]1O)C(C)C,633.7420000000002,1.5403000000000031,6,8,166.45000000000002,15,4,0.4,-5.8499999
21e,CC(C)[C@H](NC(=O)[C@H](OCc1ccccc1)[C@H](O)[C@@H](O)[C@@H](OCc1ccccc1)C(=O)N[C@H]1c2ccccc2C[C@H]1O)C(=O)NCC(F)(F)F,701.7390000000003,2.4727999999999977,6,8,166.45,16,4,0.4166666666666667,-5.54
Teniposide,COc1cc([C@@H]2c3cc4c(cc3[C@@H](OC3OC5COC(c6cccs6)OC5C(O)C3O)[C@H]3COC(=O)[C@H]23)OCO4)cc(OC)c1O,656.6620000000001,2.752900000000001,3,14,160.83,6,8,0.46875,-6.0500002
22,O=C1NCC2(CCCNC2)c2[nH]c(-c3ccnc(-c4cc5ccccc5o4)n3)cc21,399.4540000000001,3.249500000000002,3,5,95.84,2,6,0.2608695652173913,-5.8200002
25,COCCCOc1ccc(-c2nccc(-c3cc4c([nH]3)C3(CCCNC3)CNC4=O)n2)cn1,448.5270000000002,2.3136,3,7,114.05000000000001,7,5,0.4166666666666667,-5.380000099999998
5m,c1ccc(Cn2nnnc2C(c2ccc(Cn3cncn3)cc2)N2CCCN(C3CCC3)CC2)cc1,483.6240000000004,3.0108000000000015,0,9,80.78999999999999,8,6,0.4444444444444444,-6.3000002
1,CN1C(=O)CC(N2CCN(CCCN3c4ccccc4Sc4ccc(CC(=O)O)cc43)CC2)N(C)C1=O,523.6590000000003,3.1641000000000012,1,7,87.64000000000001,7,5,0.4444444444444444,-4.9099998
13,CN1C(=O)CC(N2CCN(CCCN3c4ccccc4COc4ccc(C(=O)O)cc43)CC2)N(C)C1=O,507.59100000000035,2.6630000000000003,1,7,96.87,6,5,0.4444444444444444,-5.119999900000002
13d,CN1C(=O)CC(N2CCCN(CCCN3c4ccccc4COc4ccc(CC(=O)O)cc43)CC2)N(C)C1=O,535.6450000000004,2.982000000000001,1,7,96.87,7,5,0.4827586206896552,-5.8000002
13e,CC(C(=O)O)c1ccc2c(c1)N(CCCN1CCCN(C3CC(=O)N(C)C(=O)N3C)CC1)c1ccccc1CO2,549.6720000000003,3.543000000000002,1,7,96.87,7,5,0.5,-5.7199998
13g,CN1C(=O)CC(N2CCCN(CCCN3c4ccccc4COc4ccc(C(=O)O)cc43)CC2)N(C)C1=O,521.6180000000004,3.0531000000000006,1,7,96.87,6,5,0.4642857142857143,-5.5
13i,CN1C(=O)CC(N2CCCN(CCCN3c4ccccc4CCc4ccc(CC(=O)O)cc43)CC2)N(C)C1=O,533.6730000000005,3.1882,1,6,87.64000000000001,7,5,0.5,-5.5900002
13j,CN1C(=O)CC(N2CCCN(CCCN3c4ccccc4CCc4ccc(C(C)(C)C(=O)O)cc43)CC2)N(C)C1=O,561.7270000000003,3.923300000000002,1,6,87.64000000000001,7,5,0.53125,-5.2450004
(E-Z)-19a,CN1C(=O)CC(N2CCN(CC/C=C3/c4ccccc4COc4ccc(CC(=O)O)cc43)CC2)N(C)C1=O,518.6140000000004,2.8855000000000013,1,6,93.63,6,5,0.41379310344827586,-5.1399999
(Z)-19b,CN1C(=O)CC(N2CCCN(CC/C=C3/c4ccccc4COc4ccc(CC(=O)O)cc43)CC2)N(C)C1=O,532.6410000000004,3.2756000000000016,1,6,93.63,6,5,0.43333333333333335,-5.4000001
(Z)-19c,CN1C(=O)CC(N2CCN(CC/C=C3/c4ccccc4COc4ccc(C(=O)O)cc43)CC2)N(C)C1=O,504.5870000000004,2.956600000000001,1,6,93.63,5,5,0.39285714285714285,-5.0700002
(Z)-19d,CN1C(=O)CC(N2CCCN(CC/C=C3/c4ccccc4COc4ccc(C(=O)O)cc43)CC2)N(C)C1=O,518.6140000000004,3.346700000000002,1,6,93.63,5,5,0.41379310344827586,-5.420000099999998
(Z)-19e,CN1C(=O)CC(N2CCN(CC/C=C3/c4ccccc4CCc4ccc(CC(=O)O)cc43)CC2)N(C)C1=O,516.6420000000004,3.0917000000000012,1,5,84.4,6,5,0.43333333333333335,-4.829999900000002
(Z)-19g,CN1C(=O)CC(N2CCCN(CC/C=C3/c4ccccc4CCc4ccc(C(=O)O)cc43)CC2)N(C)C1=O,516.6420000000004,3.552900000000002,1,5,84.4,5,5,0.43333333333333335,-5.1599998
T2000,COCN1C(=O)N(COC)C(=O)C(c2ccccc2)(c2ccccc2)C1=O,368.38900000000007,1.9712999999999996,0,5,76.15,6,3,0.25,-4.4499998
T2007,O=C1NC(=O)C(c2ccccc2)(c2ccccc2)C(=O)N1,280.283,1.3387,2,3,75.27,2,3,0.0625,-4.46
Cycloastragenol,CC1(C)C2[C@@H](O)C[C@@H]3C4(CC[C@]5(C)[C@@H]([C@]6(C)CC[C@H](C(C)(C)O)O6)[C@@H](O)C[C@@]35C)CC24CC[C@@H]1O,490.7250000000003,4.436600000000005,4,5,90.15,2,6,1.0,-4.5
Byankangelicol,COc1c2ccoc2c(OCC2OC2(C)C)c2oc(=O)ccc12,316.309,3.104000000000002,0,6,74.34,4,4,0.35294117647058826,-4.3000002
CD1,CCCCCCCCCC(=O)OC,186.295,3.3001000000000023,0,2,26.3,8,0,0.9090909090909091,-3.51
CD21,CCCCCCCCCC(=O)NN,186.299,2.117,2,2,55.120000000000005,8,0,0.9,-4.1199999
CD27,CCCCCCCCCC(=O)N1CCNCC1,240.39099999999996,2.5589000000000004,1,2,32.34,8,1,0.9285714285714286,-3.8199999
Zearalenone (ZEN),CC1CCC(=O)CCC/C=C/c2cc(O)cc(O)c2C(=O)OC1,318.36900000000014,3.4371000000000027,2,5,83.83,0,2,0.4444444444444444,-4.98
a-Zearalenol (a-ZEL),CC1CCC(O)CCC/C=C/c2cc(O)cc(O)c2C(=O)OC1,320.3850000000001,3.228900000000002,3,5,86.99,0,2,0.5,-5.27
a-Zearalanol (a-ZAL),CC1CCC(O)CCCCCc2cc(O)cc(O)c2C(=O)OC1,322.40100000000007,3.1483000000000017,3,5,86.99,0,2,0.6111111111111112,-4.8200002
Telaprevir,CCC[C@H](NC(=O)[C@@H]1[C@H]2CCC[C@H]2CN1C(=O)[C@@H](NC(=O)[C@@H](NC(=O)c1cnccn1)C1CCCCC1)C(C)(C)C)C(=O)C(=O)NC1CC1,679.8629999999999,2.4459000000000035,4,8,179.56,13,5,0.7222222222222222,-5.3899999
Tryptanthrin,O=C1c2ccccc2-n2c1nc1ccccc1c2=O,248.24099999999999,1.9300999999999997,0,4,51.96,0,4,0.0,-4.1999998
6,COC(=O)C[C@@H](C(=O)NN(Cc1ccc(Br)cc1)C[C@@](O)(Cc1ccccc1)C(=O)NC1CCOC1)C(C)(C)C,618.569,3.3866000000000014,3,7,117.2,12,3,0.5,-4.9699998
8,COCCNC(=O)[C@H](NC(=O)[C@](O)(Cc1ccccc1)CN(Cc1ccc(Br)cc1)NC(=O)[C@H](CC(=O)OC)C(C)(C)C)C(C)C,705.6909999999999,3.3849000000000027,4,8,146.29999999999998,17,2,0.5294117647058824,-5.3200002
10,CNC(=O)[C@H](NC(=O)[C@](O)(Cc1ccccc1)CN(Cc1ccc(Br)cc1)NC(=O)[C@H](CC(=O)OC)C(C)(C)C)C(C)(C)C,675.665,3.7584000000000026,4,7,137.07,13,2,0.5151515151515151,-5.5999999
11,CNC(=O)[C@H](NC(=O)[C@](O)(Cc1ccccc1)CN(Cc1ccc(-c2ccccn2)cc1)NC(=O)[C@H](CC(=O)OC)C(C)(C)C)C(C)(C)C,673.855,4.057900000000004,4,8,149.95999999999998,14,3,0.4473684210526316,-5.4699998
25,CN1CCCC/C=C\[C@@H]2C[C@@]2(C(=O)NS(=O)(=O)C2CC2)NC(=O)[C@@H]2C[C@@H](Oc3nc(-c4ccccc4)nc4ccccc34)C[C@H]2C1=O,657.7930000000001,3.752200000000003,2,8,147.66000000000003,6,7,0.45714285714285713,-4.6799998
45a,COc1ccc2c(O[C@@H]3C[C@H]4C(=O)N[C@]5(C(=O)NS(=O)(=O)C6CC6)C[C@H]5/C=C\CCCCN(C)C(=O)[C@@H]4C3)nc(-c3ccccc3)nc2c1,687.8190000000002,3.7608000000000015,2,9,156.89,7,7,0.4722222222222222,-4.8899999
45b,COc1ccc2c(O[C@@H]3C[C@H]4C(=O)N[C@]5(C(=O)NS(=O)(=O)C6CC6)C[C@H]5/C=C\CCCCN(C)C(=O)[C@@H]4C3)nc(-c3nc(C(C)C)cs3)nc2c1,736.917,4.340700000000003,2,11,169.77999999999997,8,7,0.5555555555555556,-5.2199998
45c,COc1ccc2c(O[C@@H]3C[C@H]4C(=O)N[C@]5(C(=O)NS(=O)(=O)C6CC6)C[C@H]5/C=C\CCCCN(C)C(=O)[C@@H]4C3)nc(-c3ccc(F)cc3)nc2c1,705.8090000000002,3.8999000000000024,2,9,156.89,7,7,0.4722222222222222,-4.6999998
51a,COc1ccc2c(O[C@@H]3C[C@H]4C(=O)N[C@]5(C(=O)NS(=O)(=O)C6CC6)C[C@H]5/C=C\CCCCN(C)C(=O)[C@@H]4C3)nc(-c3ccccc3)nc2c1C,701.8460000000001,4.069220000000002,2,9,156.89,7,7,0.4864864864864865,-4.8899999
51e,COc1ccc(-c2nc(O[C@@H]3C[C@H]4C(=O)N[C@]5(C(=O)NS(=O)(=O)C6CC6)C[C@H]5/C=C\CCCCN(C)C(=O)[C@@H]4C3)c3ccc(OC)c(C)c3n2)cc1,731.8720000000001,4.0778200000000036,2,10,166.12,8,7,0.5,-5.0500002
60a,COc1ccc2c(O[C@@H]3C[C@H]4C(=O)N[C@]5(C(=O)NS(=O)(=O)C6CC6)C[C@H]5/C=C\CCCCCN(C)C(=O)[C@@H]4C3)nc(-c3ccccc3)nc2c1C,715.8730000000002,4.4593200000000035,2,9,156.89,7,7,0.5,-4.5900002
60c,COc1ccc2c(O[C@@H]3C[C@H]4C(=O)N[C@]5(C(=O)NS(=O)(=O)C6CC6)C[C@H]5/C=C\CCCCN(C)C(=O)[C@@H]4C3)nc(-c3ccc(F)cc3)nc2c1C,719.8360000000001,4.208320000000003,2,9,156.89,7,7,0.4864864864864865,-4.4899998
67c,COc1ccc2c(O[C@H]3C[C@H]4C(=O)NCCCCC/C=C\[C@@H]5C[C@@]5(C(=O)NS(=O)(=O)C5CC5)NC(=O)[C@@H]4C3)nc(-c3ccc(F)cc3)nc2c1C,719.8359999999999,4.256220000000003,3,9,165.67999999999995,7,7,0.4864864864864865,-4.4899998
Amfenac,Nc1c(CC(=O)O)cccc1C(=O)c1ccccc1,255.273,2.1269,2,3,80.39000000000001,4,2,0.06666666666666667,-4.52
Levofloxacin,C[C@H]1COc2c(N3CCN(C)CC3)c(F)cc3c(=O)c(C(=O)O)cn1c23,361.37300000000005,1.5439999999999998,1,6,75.00999999999999,2,4,0.4444444444444444,-4.5500002
Paraoxon,CCOP(=O)(OCC)Oc1ccc(N(O)O)cc1,277.213,2.8313000000000006,2,7,88.46000000000001,7,1,0.4,-4.6900001
Sulfasalamide,NC(=O)Cc1cc(/N=N/c2ccc(S(=O)(=O)Nc3ccccn3)cc2)ccc1O,411.4430000000001,3.0312000000000014,3,7,147.1,7,3,0.05263157894736842,-5.7088718
Amlodipine,CCOC(=O)C1=C(COCCN)NC(C)=C(C(=O)OC)C1c1ccccc1Cl,408.88200000000006,2.266300000000001,2,7,99.88000000000001,8,2,0.4,-4.670000099999998
Alfuzosin,COc1cc2nc(N(C)CCCNC(=O)C3CCCO3)nc(N)c2cc1OC,389.4560000000002,1.3507000000000002,2,8,111.83,8,3,0.5263157894736842,-5.6399999
Dronedarone,CCCCc1oc2ccc(NS(C)(=O)=O)cc2c1C(=O)c1ccc(OCCCN(CCCC)CCCC)cc1,556.7690000000005,7.0490000000000075,1,6,88.85,18,3,0.5161290322580645,-4.52
Trimethobenzamide,COc1cc(C(=O)NCc2ccc(OCCN(C)C)cc2)cc(OC)c1OC,388.46400000000017,2.5828000000000007,1,6,69.26,10,2,0.38095238095238093,-4.96
Desloratadine,Clc1ccc2c(c1)CCc1cccnc1C2=C1CCNCC1,310.8280000000001,4.018900000000002,1,2,24.92,0,4,0.3157894736842105,-4.059999899999998
Xaliproden (SR57746),FC(F)(F)c1cccc(C2=CCN(CCc3ccc4ccccc4c3)CC2)c1,381.4410000000001,6.190400000000005,0,1,3.24,4,4,0.25,-4.73
Setrobuvir (ANA598),CS(=O)(=O)Nc1ccc2c(c1)S(=O)(=O)N/C(=C1\C(=O)[C@@H]3[C@H]4CC[C@H](C4)[C@@H]3N(Cc3ccc(F)cc3)C1=O)N2,560.6290000000004,2.1387999999999994,3,7,141.75,4,6,0.36,-5.8899999
corticosterone,C[C@]12C[C@@H](O)[C@@H]3[C@@H](CCC4=CC(=O)CC[C@@]43C)[C@H]1CC[C@H]2C(=O)CO,346.46700000000016,2.666700000000002,2,4,74.6,2,4,0.8095238095238095,-4.4850001
cymarin,CO[C@H]1C[C@H](O[C@H]2CC[C@]3(C=O)[C@H]4CC[C@]5(C)[C@@H](C6=CC(=O)OC6)CC[C@]5(O)[C@@H]4CC[C@]3(O)C2)O[C@H](C)[C@H]1O,548.6730000000005,2.4333000000000005,3,9,131.75,5,6,0.8666666666666667,-5.6999998
daidzin ,O=c1c(-c2ccc(O)cc2)coc2cc(OC3OC(CO)C(O)C(O)C3O)ccc12,416.38200000000006,0.34429999999999994,5,9,149.82,4,4,0.2857142857142857,-6.3600001
desoxycarticosterone,C[C@]12CC[C@H]3[C@@H](CCC4=CC(=O)CC[C@@]43C)[C@@H]1CC[C@@H]2C(=O)CO,330.4680000000001,3.695900000000003,1,3,54.370000000000005,2,4,0.8095238095238095,-4.670000099999998
"(2E,9Z)-N-(2-methylbutyl)pentadeca-2,9-diene-12,14-diynamide",C#CC#CC/C=C\CCCCC/C=C/C(=O)NCC(C)CC,299.458,4.238300000000003,1,1,29.1,11,0,0.55,-4.4299998
EACV,C=C1NC(N)=Nc2c1ncn2COCCOC(=O)CC[C@@H](N)C(=O)O,352.3510000000001,-0.8873999999999977,4,10,167.07999999999998,9,2,0.42857142857142855,-5.8099999
5-aminolevulinic acid,NCC(=O)CCC(=O)O,131.131,-0.6210000000000004,2,3,80.39,4,0,0.6,-5.3400002
EF5289,CCOC(=O)COc1ccc(C(=O)CN2CCN(C3CCN(C(=O)OCOC(=O)C(C)(C)C)CC3)CC2=O)cc1,561.6320000000005,2.1032000000000006,0,10,131.99,10,3,0.6071428571428571,-4.2600002
enalapril,CCOC(=O)[C@H](CCc1ccccc1)N[C@@H](C)C(=O)N1CCC[C@H]1C(=O)O,376.45300000000026,1.6046,2,5,95.94000000000001,9,2,0.55,-5.6719999
ganciclovir,Nc1nc(=O)c2ncn(COC(CO)CO)c2[nH]1,255.23399999999998,-1.970899999999999,4,8,139.28000000000003,5,2,0.4444444444444444,-6.369999900000002
hexapeptide 04,C[C@@H]1NC(=O)[C@H](C)N(C)C(=O)[C@@H](C)NC(=O)[C@H](C)NC(=O)[C@@H](C)NC(=O)[C@@H](C)NC1=O,440.50100000000015,-2.629599999999992,5,6,165.81,0,1,0.6842105263157895,-5.8200002
hexapeptide 15,C[C@@H]1NC(=O)[C@@H](C)NC(=O)[C@H](C)N(C)C(=O)[C@@H](C)NC(=O)[C@@H](C)N(C)C(=O)[C@H](C)NC1=O,454.5280000000002,-2.287399999999991,4,6,157.02,0,1,0.7,-5.8200002
hexapeptide 16,C[C@@H]1NC(=O)[C@H](C)N(C)C(=O)[C@@H](C)N(C)C(=O)[C@H](C)NC(=O)[C@@H](C)NC(=O)[C@@H](C)NC1=O,454.52800000000013,-2.287399999999991,4,6,157.01999999999998,0,1,0.7,-5.3000002
hexapeptide 19,C[C@@H]1NC(=O)[C@@H](C)NC(=O)[C@@H](C)NC(=O)[C@H](C)N(C)C(=O)[C@H](C)N(C)C(=O)[C@@H](C)NC1=O,454.52800000000025,-2.287399999999992,4,6,157.02,0,1,0.7,-5.8200002
hexapeptide 43,C[C@@H]1NC(=O)[C@@H](C)N(C)C(=O)[C@H](C)N(C)C(=O)[C@@H](C)N(C)C(=O)[C@@H](C)N(C)C(=O)[C@H](C)NC1=O,482.5820000000002,-1.6029999999999904,2,6,139.44,0,1,0.7272727272727273,-5.8200002
hexapeptide 51,C[C@@H]1NC(=O)[C@H](C)N(C)C(=O)[C@@H](C)N(C)C(=O)[C@H](C)N(C)C(=O)[C@@H](C)NC(=O)[C@@H](C)N(C)C1=O,482.5820000000002,-1.6029999999999909,2,6,139.44,0,1,0.7272727272727273,-5.3000002
indobufen,CCC(C(=O)O)c1ccc(N2Cc3ccccc3C2=O)cc1,295.33799999999997,3.425200000000002,1,2,57.61,4,3,0.2222222222222222,-4.3899999
IRR ,COc1cc(-c2oc3cc(O)cc(O)c3c(=O)c2O[C@@H]2O[C@H](CO[C@@H]3O[C@@H](C)[C@H](O)[C@@H](O)[C@H]3O)[C@@H](O)[C@H](O)[C@H]2O)ccc1O,624.5480000000003,-1.3840999999999999,9,16,258.42999999999995,7,5,0.4642857142857143,-6.54
isovitexin ,O=c1cc(-c2ccc(O)cc2)oc2cc([O-])c(C3OC(CO)C(O)C(O)C3O)c(O)c12,431.3730000000001,-0.5403000000000002,6,10,183.88,3,4,0.2857142857142857,-6.1999998
kaempferide ,COc1ccc(-c2oc3cc(O)cc(O)c3c(=O)c2O)cc1,300.266,2.5854000000000017,3,6,100.13000000000001,2,3,0.0625,-5.1900001
LEF553,N=C(N)NCCC[C@@H](NC(=O)[C@@H](N)Cc1ccc(O)cc1)C(=O)N[C@@H](Cc1ccccc1)C(=O)N[C@@H](Cc1ccccc1)C(N)=O,630.7500000000001,-0.04962999999999129,9,7,238.54,17,3,0.30303030303030304,-7.7600002
LY366092,CNC(=O)/C=C(/c1ccc2nc(N)n(S(=O)(=O)C(C)C)c2c1)c1ccccc1-c1cccc2ccccc12,524.6460000000002,5.2027000000000045,2,6,107.07999999999998,6,5,0.13333333333333333,-4.0300002
methanol,CO,32.042,-0.3915,1,1,20.23,0,0,1.0,-4.4899998
N-acetyl-tryptophanamide,CC(=O)NC(=O)[C@@H](N)Cc1c[nH]c2ccccc12,245.282,0.7004000000000005,3,3,87.97999999999999,3,2,0.23076923076923078,-5.619999900000002
neolignan smi06,C=CCc1cc(OC)c(OC(C)C(OC(C)=O)c2ccc(OC)c(OC)c2)c(OC)c1,430.4970000000002,4.521200000000005,0,7,72.45000000000002,11,2,0.375,-4.5900002
neolignan smi07,C=CCc1cc(OC)c(OC(C)C(O)c2ccc(OC)c(OC)c2)c(OC)c1,388.46000000000015,3.9504000000000037,1,6,66.38000000000001,10,2,0.36363636363636365,-4.619999900000002
neolignan smi10,C=CCc1cc(OC)c(OC(C)C(O)c2cc(O)cc(OC)c2)c(OC)c1,374.4330000000001,3.647400000000003,2,6,77.38000000000001,9,2,0.3333333333333333,-4.6500001
nitrendipine,CCOC(=O)C1=C(C)NC(C)=C(C(=O)OC)C1c1cccc([N+](=O)[O-])c1,360.36600000000004,2.5657000000000005,1,7,107.77000000000001,5,2,0.3333333333333333,-4.8499999
omeprazole,COc1ccc2[nH]c(S(=O)Cc3ncc(C)c(OC)c3C)nc2c1,345.4240000000001,2.8997400000000013,1,5,77.10000000000001,5,3,0.29411764705882354,-4.1700001
ouabain,C[C@@H]1O[C@@H](O[C@H]2C[C@@H](O)[C@]3(CO)[C@H]4[C@H](O)C[C@]5(C)[C@@H](C6=CC(=O)OC6)CC[C@]5(O)[C@@H]4CC[C@]3(O)C2)[C@H](O)[C@H](O)[C@H]1O,584.6590000000006,-1.5149999999999972,8,12,206.59999999999997,4,6,0.896551724137931,-7.23
PNU200603,N=C(N)c1ccc2[nH]c(-c3ccccn3)nc2c1,237.26600000000002,1.90897,3,3,91.44,2,3,0.0,-6.4699998
quercitrin ,C[C@@H]1O[C@@H](Oc2c(-c3ccc(O)c(O)c3)oc3cc(O)cc(O)c3c2=O)[C@H](O)[C@H](O)[C@H]1O,448.38000000000017,0.4886999999999995,7,11,190.27999999999997,3,4,0.2857142857142857,-6.0999999
saquinavir,CC(C)(C)NC(=O)[C@@H]1C[C@@H]2CCCC[C@@H]2CN1C[C@@H](O)[C@H](Cc1ccccc1)NC(=O)[C@H](CC(N)=O)NC(=O)c1ccc2ccccc2n1,670.855,3.092400000000003,5,7,166.75,12,5,0.5,-6.2600002
SB209670,CCCOc1ccc2c(c1)[C@@H](c1ccc(OC)cc1OCC(=O)O)[C@H](C(=O)O)C2,400.4270000000002,3.3362000000000007,2,5,102.29,9,3,0.36363636363636365,-5.23
SDZ-RAD,CO[C@H]1C[C@@H]2CC[C@@H](C)[C@@](O)(O2)C(=O)C(=O)N2CCCC3[C@H](C[C@@H]4CC[C@@H](OCCO)[C@H](OC)C4)[C@H](CC(=O)[C@H](C)/C=C(\C)[C@@H](O)[C@@H](OC)C(=O)[C@H](C)CC[C@H](C)/C=C/C=C/C=C/1C)OC(=O)[C@H]32,956.2240000000002,5.807100000000007,3,14,204.65999999999997,8,5,0.7547169811320755,-4.630000099999998
sulfamethoxazole,Cc1cc(NS(=O)(=O)c2ccc(N)cc2)no1,253.28300000000002,1.3660199999999998,2,5,98.22,3,2,0.1,-4.880000099999998
betazolol,CC(C)NC[C@@H](O)COc1ccc(CCOCC2CC2)cc1,307.434,2.3933999999999997,2,4,50.72,11,2,0.6666666666666666,-4.8099999
betazolol ester,CC(C)NC[C@H](COc1ccc(CCOCC2CC2)cc1)OC(=O)C1CC1,375.5090000000001,3.354300000000002,1,5,56.79,13,3,0.6818181818181818,-4.52
caffeine,Cn1c(=O)c2c(ncn2C)n(C)c1=O,194.194,-1.0293,0,6,61.82,0,2,0.375,-4.3400002
4,CN(C(=O)[C@H](Cc1ccc(CN)cc1)NS(=O)(=O)c1ccc2ccccc2c1)C1CCCC1,465.6190000000003,3.589100000000002,2,4,92.5,8,4,0.34615384615384615,-4.9586072
74,Cn1nnnc1-c1cccc(NC(=O)N[C@@H]2CCCC[C@H]2CN2CCC[C@@H](Cc3ccc(F)cc3)C2)c1,505.6420000000004,4.651200000000004,2,6,87.97,7,5,0.5,-5.6989698
Verapamil,COc1ccc(CCN(C)CCC[C@](C#N)(c2ccc(OC)c(OC)c2)C(C)C)cc1OC,454.6110000000002,5.093080000000005,0,6,63.95,13,2,0.5185185185185185,-4.961279900000001
2j,C[C@@H](NC(=O)C1(NC(=O)C(F)(F)F)CC1)c1ccc(-c2cc(Cl)cc(Cl)c2-c2nnn(C)n2)cc1F,545.3240000000002,4.378300000000002,2,6,101.8,6,4,0.3181818181818182,-4.5528421
2f,COC(=O)c1c(Cl)cc(Cl)cc1-c1ccc([C@@H](C)NC(=O)C2(NC(=O)C(F)(F)F)CC2)c(F)c1,521.2940000000002,4.974400000000003,2,4,84.5,6,3,0.3181818181818182,-4.7447276
2g,COC(=O)c1c(F)cc(Cl)cc1-c1ccc([C@@H](C)NC(=O)C2(NC(=O)C(F)(F)F)CC2)c(F)c1,504.8390000000002,4.460100000000003,2,4,84.5,6,3,0.3181818181818182,-4.5686364
31,CNCc1cnc(C)cc1Oc1ccccc1Oc1ccccc1,320.392,4.694020000000004,1,4,43.38000000000001,6,3,0.15,-4.8399267
943-Ketotifen fumarate (38),CN1CCC(=C2c3ccccc3CC(=O)c3sccc32)CC1,309.4340000000001,4.014400000000004,0,3,20.310000000000002,0,4,0.3157894736842105,-3.9546771
882-13i,C[C@@H]1O[C@@H](c2ccc(N(O)O)cc2)OC[C@H]1NC(=O)Cc1ccccc1,358.3940000000001,2.4328000000000003,3,6,91.26000000000002,5,3,0.3157894736842105,-4.9846401
061-Amiloride,NC(N)=NC(=O)c1nc(Cl)c(N)nc1N,229.63099999999997,-1.2919999999999998,4,5,159.29,1,1,0.0,-5.5642352
187-Saquinavir,CC(C)(C)NC(=O)[C@H]1C[C@H]2CCCC[C@H]2CN1C[C@@H](O)[C@H](Cc1ccccc1)NC(=O)[C@@H](CC(N)=O)NC(=O)c1ccc2ccccc2n1,670.855,3.092400000000003,5,7,166.75,12,5,0.5,-5.8616972
Acyclovir,Nc1nc(=O)c2ncn(COCCO)c2[nH]1,225.20799999999997,-1.3318000000000003,3,7,119.05000000000001,4,2,0.375,-5.9899998
Atropine,CN1[C@@H]2CC[C@@H]1CC(OC(=O)C(CO)c1ccccc1)C2,289.37500000000006,1.9308999999999996,1,4,49.769999999999996,4,3,0.5882352941176471,-4.7016673
Bendroflumethiazide,NS(=O)(=O)c1cc2c(cc1C(F)(F)F)NC(Cc1ccccc1)NS2(=O)=O,421.4220000000001,1.6254000000000004,3,5,118.35999999999999,3,3,0.2,-5.8899999
Cisapride,COc1cc(N)c(Cl)cc1C(=O)NC1CCN(CCCOc2ccc(F)cc2)CC1OC,465.9530000000003,3.358100000000002,2,6,86.05,9,3,0.43478260869565216,-4.52
Cymarin,COC1CC(OC2CCC3(C=O)C4CCC5(C)C(C6=CC(=O)OC6)CCC5(O)C4CCC3(O)C2)OC(C)C1O,548.6730000000005,2.4333000000000005,3,9,131.75,5,6,0.8666666666666667,-5.579999900000002
Diphenhydramine,CN(C)CCOC(c1ccccc1)c1ccccc1,255.36100000000002,3.3542000000000023,0,2,12.47,6,2,0.29411764705882354,-4.27
Erlotinib,C#Cc1cccc(Nc2ncnc3cc(OCCOC)c(OCCOC)cc23)c1,393.4430000000002,3.405100000000002,1,7,74.73000000000002,10,3,0.2727272727272727,-4.4699998
Furazolidone,O=C1OCCN1/N=C/c1ccc(N(O)O)o1,227.17600000000002,0.6505000000000001,2,7,98.74000000000001,3,2,0.25,-4.9899998
Gefitinib,COc1cc2ncnc(Nc3ccc(F)c(Cl)c3)c2cc1OCCCN1CCOCC1,446.9100000000004,4.275600000000003,1,7,68.74000000000001,8,4,0.36363636363636365,-4.48
Ketoconazole,CC(=O)N1CCN(c2ccc(OC[C@@H]3CO[C@@](Cn4ccnc4)(c4ccc(Cl)cc4Cl)O3)cc2)CC1,531.4399999999999,4.205800000000003,0,7,69.06,7,5,0.38461538461538464,-4.7538648
Ketotifen,CN1CCC(=C2c3ccccc3CC(=O)c3sccc32)CC1,309.4340000000001,4.014400000000004,0,3,20.310000000000002,0,4,0.3157894736842105,-4.9499998
Methadone,CCC(=O)C(CC(C)N(C)C)(c1ccccc1)c1ccccc1,309.45300000000003,4.292000000000004,0,2,20.310000000000002,7,2,0.38095238095238093,-4.6599998
Methyldopa,C[C@@](N)(Cc1ccc(O)c(O)c1)C(=O)O,211.21699999999998,0.4423000000000001,4,4,103.78000000000002,3,1,0.3,-6.619894
Scopolamine,CN1C2CC(OC(=O)C(CO)c3ccccc3)CC1C1OC12,303.358,0.9180999999999995,1,5,62.3,4,4,0.5882352941176471,-4.724059099999999
Talinolol,CC(C)(C)NCC(O)COc1ccc(NC(=O)NC2CCCCC2)cc1,363.50200000000024,3.268600000000002,4,4,82.62,7,2,0.65,-4.9684534000000005
Terfenadine,CC(C)(C)c1ccc(C(O)CCCN2CCC(C(O)(c3ccccc3)c3ccccc3)CC2)cc1,471.6850000000001,6.445800000000008,2,3,43.7,8,4,0.4375,-5.2600002
Viloxazine,CCOc1ccccc1OCC1CNCCO1,237.29899999999992,1.4525,1,4,39.72,5,2,0.5384615384615384,-4.3899999
"Maraviroc (UK-427,857)",Cc1nnc(C(C)C)n1C1CC2CCC(C1)N2CC[C@H](NC(=O)C1CCC(F)(F)CC1)c1ccccc1,513.6770000000002,5.950920000000006,1,5,63.050000000000004,8,5,0.6896551724137931,-6.0
Rhodamine 123 (Rho 123),COC(=O)c1ccccc1-c1c2ccc(=N)cc-2oc2cc(N)ccc12,344.37000000000006,4.052870000000001,2,5,89.31,2,4,0.047619047619047616,-5.9411516
N-Acetyl-D-leucyl-D-phenylalanine N-Methylamide (4),CNC(=O)[C@@H](Cc1ccccc1)NC(=O)[C@@H](CC(C)C)NC(C)=O,333.4320000000001,1.0106999999999988,3,3,87.30000000000001,8,1,0.5,-5.2142239
N-Acetylglycine Phenethylamide (7),CC(=O)NCC(=O)NCCc1ccccc1,220.272,0.48140000000000005,2,2,58.2,5,1,0.3333333333333333,-4.6597776
N-Acetyl-D-valine Phenethylamide (9a),CC(=O)N[C@@H](C(=O)NCCc1ccccc1)C(C)C,262.353,1.5059999999999998,2,2,58.2,6,1,0.4666666666666667,-4.4610906
10,N=C(N)c1cccc(CC(CC(=O)N2CCNCC2)NS(=O)(=O)c2ccc3ccccc3c2)c1,479.6060000000001,1.835370000000001,4,5,128.38,8,4,0.28,-7.0312262
Corticosterone,C[C@]12C[C@H](O)[C@H]3[C@@H](CCC4=CC(=O)CC[C@@]43C)[C@@H]1CC[C@@H]2C(=O)CO,346.46700000000016,2.666700000000002,2,4,74.6,2,4,0.8095238095238095,-4.3887606
Sucrose,OC[C@H]1O[C@H](O[C@]2(CO)O[C@H](CO)[C@@H](O)[C@@H]2O)[C@H](O)[C@@H](O)[C@@H]1O,342.297,-5.395599999999993,8,11,189.52999999999997,5,2,1.0,-5.9186072
Doxorubicin,COc1cccc2c1C(=O)c1c(O)c3c(c(O)c1C2=O)C[C@](O)(C(=O)CO)C[C@H]3O[C@@H]1C[C@@H](N)[C@@H](O)[C@@H](C)O1,543.5250000000003,0.0012999999999993017,6,12,206.07,5,5,0.4444444444444444,-6.5900002
Propranolol ester,CC(C)NCC(COc1cccc2ccccc12)OC(=O)C1CC1,327.42400000000015,3.538400000000002,1,4,47.56,8,3,0.45,-4.1608586
Proscillaridin,CC1OC(O[C@@H]2C=C3CC[C@@H]4[C@H](CC[C@]5(C)[C@@H](c6ccc(=O)oc6)CC[C@]45O)[C@@]3(C)CC2)C(O)C(O)C1O,530.6580000000004,3.013800000000002,4,8,129.59,3,6,0.7666666666666667,-6.2299852
Dexamethasone-?-D-glucuronide,C[C@@H]1C[C@H]2[C@@H]3CCC4=CC(=O)C=C[C@]4(C)[C@@]3(F)[C@@H](O)C[C@]2(C)[C@@]1(O)C(=O)COC1O[C@@H](CC(=O)O)[C@H](O)[C@@H](O)[C@@H]1O,582.6180000000005,0.2023000000000018,6,10,191.04999999999995,6,5,0.7586206896551724,-5.9796510000000005
U-84656 (IV),CNC(=O)[C@@H]1Cc2cn(cn2)CC(=O)N2CCC[C@H]2C(=O)N[C@@H](C)C(=O)N1C,390.4440000000001,-1.4920999999999964,2,6,116.64,1,3,0.6111111111111112,-5.8998151
Ac-D-phe3-NH2,CC(=O)N[C@@H](Cc1ccccc1)C(=O)N[C@H](Cc1ccccc1)C(=O)N[C@@H](Cc1ccccc1)C(N)=O,500.5990000000002,1.6740999999999995,4,4,130.39000000000001,12,3,0.2413793103448276,-5.764868700000001
PNU200648,Cc1ccnc2nc(Cc3nc4ccc(C(=N)N)cc4[nH]3)[nH]c12,305.345,2.01749,4,4,120.12,3,4,0.125,-7.0478787
PNU200681,Cc1ccnc2[nH]c(Cc3nc4ccc(/C(N)=N\O)cc4[nH]3)nc12,321.34400000000005,1.8279199999999998,4,5,128.86,3,4,0.125,-6.6994848
PNU-179450,CCC(=O)NC[C@H]1CN(c2ccc(-c3nncs3)c(F)c2)C(=O)O1,350.3750000000001,2.1955999999999998,1,6,84.42,5,3,0.3333333333333333,-4.4308991
PNU-182347,CC(=S)NC[C@H]1CN(c2ccc(-c3nnc(CN)s3)c(F)c2)C(=O)O1,381.4580000000001,2.0649999999999995,2,7,93.36999999999999,5,3,0.3333333333333333,-4.8219547
PNU-179397,CCC(=O)NC[C@H]1CN(c2ccc(-n3cc(C#N)cn3)c(F)c2)C(=O)O1,357.3450000000001,1.7344799999999996,1,6,100.25000000000001,5,3,0.29411764705882354,-4.3099999
PNU-182945,CNCc1nnc(-c2ccc(N3C[C@H](CNC(C)=S)OC3=O)cc2F)s1,395.48500000000007,2.3257000000000003,2,7,79.38,6,3,0.375,-4.769775900000001
PNU-241028,CC(=S)NC[C@H]1CN(c2ccc(-c3nnc(CNS(C)(=O)=O)s3)c(F)c2)C(=O)O1,459.5500000000001,1.6554999999999997,2,8,113.52,7,3,0.375,-5.619894
NK1NK2 analogue 104 (15f),COc1cc(C(=O)N2CC[C@](CCN3CCC(C(=O)N4CCN(C)CC4)(c4cccnc4)CC3)(c3ccc(Cl)c(Cl)c3)C2)cc(OC)c1OC,724.7300000000001,5.396000000000007,0,8,87.68,10,6,0.5,-5.1382737
341908,CC(C)NS(=O)(=O)n1c(N)nc2ccc(C(C(N)=O)c3cccc(F)c3)cc21,405.4550000000001,1.4657000000000004,3,6,133.1,6,3,0.2222222222222222,-4.3312735999999985
"UK 224,671",NS(=O)(=O)N1CCN(C2CN(CC[C@]3(c4ccc(Cl)c(Cl)c4)CCC(=O)N(CC4CC4)C3)C2)CC1,544.5490000000002,2.1590000000000016,1,5,90.18999999999998,8,5,0.7083333333333334,-5.8969545
5'-L-glycyl-L-leucyl-floxuridine,CC(C)CC(NC(=O)CN)C(=O)OC[C@@H]1O[C@H](n2cc(F)c(=O)[nH]c2=O)C[C@H]1O,416.4060000000001,-1.6430999999999965,4,9,165.73999999999998,8,2,0.6470588235294118,-5.2006745
N-[5-[(4-Dimethylaminobenzoyl)amino]pentyl]-2-mercaptoacetamide (S2),CN(C)c1ccc(C(=O)NCCCCCNC(=O)CS)cc1,323.46199999999993,1.6986999999999997,3,4,61.440000000000005,9,1,0.5,-5.1324477
Vorinostat (SAHA-suberoylanilide hydroxamic acid),O=C(CCCCCCC(=O)Nc1ccccc1)NO,264.32500000000005,2.4711,3,3,78.43,8,1,0.42857142857142855,-5.629466099999999
2,CCCCCCC(N)C(=O)N[C@@H](Cc1ccc(O)cc1)C(=O)N1CCC[C@@H]1C(=O)N[C@@H](Cc1c[nH]c2ccccc12)C(=O)N[C@@H](Cc1ccccc1)C(N)=O,751.9290000000002,3.129800000000004,7,7,212.74,19,5,0.40476190476190477,-5.4504986
11,CCCCCCC(N)C(=O)N[C@@H](Cc1ccc(O)cc1)C(=O)N1CCC[C@@H]1C(=O)N[C@@H](Cc1c[nH]c2ccccc12)C(=O)N[C@@H](Cc1ccccc1)C(=O)N[C@@H]1O[C@H](C(N)=O)[C@@H](O)C(O)C1O,927.0690000000004,0.053600000000009806,11,12,311.76000000000005,21,6,0.4583333333333333,-5.79
13,Cc1cc(O)cc(C)c1C[C@H](N)C(=O)N1CCC[C@@H]1C(=O)N[C@@H](Cc1c[nH]c2ccccc12)C(=O)N[C@@H](Cc1ccccc1)C(N)=O,638.769,2.291440000000002,6,6,183.64,12,5,0.3333333333333333,-6.2987847000000015
Sulfanilic acid,Nc1ccc(S(=O)(=O)O)cc1,173.193,0.5155000000000001,2,3,80.39,1,1,0.0,-5.4299998
PB-43,Cn1cncc1CN1CC(N(CCn2cccc2)S(=O)(=O)c2ccccn2)Cc2cc(C#N)ccc21,501.61600000000027,2.8106799999999996,0,8,100.05000000000001,8,5,0.2692307692307692,-4.9099998
PB-102,CC(C)COC(=O)N1CCC(CN(C2Cc3cc(C#N)ccc3N(Cc3cncn3C)C2)S(=O)(=O)c2ccccn2)CC1,605.7650000000001,3.8135800000000026,0,9,124.65999999999998,9,5,0.4838709677419355,-5.1224694
MEN14970,O=C(NC1(C(=O)N[C@H](Cc2ccccc2)C(=O)NCCCN2CCOCC2)CCCC1)c1ccc(-c2ccccc2)s1,588.7740000000007,4.023700000000004,3,6,99.77000000000001,12,5,0.42424242424242425,-4.9309068
-,O=Cc1ccncc1,107.11199999999998,0.8940999999999999,0,2,29.96,1,1,0.0,-4.1805572999999985
-,Oc1ccncc1,95.10099999999998,0.7871999999999999,1,2,33.120000000000005,0,1,0.0,-4.1089525
-,c1ccc(Cc2ccncc2)cc1,169.227,2.6724000000000006,0,1,12.89,2,2,0.08333333333333333,-3.9978395
-,Fc1ccncc1,97.09199999999998,1.2207000000000001,0,1,12.89,0,1,0.0,-3.8897052
3'-Cl BZT,CN1C2CC[C@@H]1CC(OC(c1ccccc1)c1cccc(Cl)c1)C2,341.88200000000006,5.071200000000005,0,2,12.47,4,4,0.42857142857142855,-4.662271
"7,4'-DMF",COc1ccc(-c2cc(=O)c3ccc(OC)cc3o2)cc1,282.295,3.4772000000000025,0,4,48.67,3,3,0.11764705882352941,-4.6010299
12g,Cn1cncc1CN(CCN(Cc1ccccc1)S(=O)(=O)c1ccccn1)c1ccc(C#N)cc1,486.60100000000017,3.5844800000000028,0,7,95.12,10,4,0.19230769230769232,-5.5514212
"(2E,4Z,8Z)-N-isobutyldodeca-2,4,10-triene-8 -ynamide (4) mw = 245",C/C=C/C#CCC/C=C\C=C\C(=O)NCC(C)C,245.36599999999999,3.2307000000000015,1,1,29.1,6,0,0.4375,-4.0
"2',3'-dideoxyinosine (ddI)",OC[C@@H]1CC[C@H](n2cnc3c(O)ncnc32)O1,236.23100000000002,0.20180000000000003,2,7,93.29,2,3,0.5,-5.6708102
Val-ACV,CC(C)C(N)C(=O)OCCOCn1cnc2c(=O)[nH]c(N)nc21,324.341,-0.7975999999999985,3,9,151.14000000000004,7,2,0.5384615384615384,-5.6697760000000015
CF 1526 (p-OMe),COC(=O)C(C)NP(=O)(OC[C@@H]1C=C[C@H](n2cc(C)c(=O)[nH]c2=O)O1)Oc1ccc(OC)cc1,495.4250000000003,1.6620199999999992,2,10,147.17999999999995,10,3,0.38095238095238093,-5.9819288
S-nitrosylated captopril (CapNO),C[C@H](CSN=O)C(=O)N1CCC[C@@H]1C(=O)O,246.28799999999995,1.1127,1,5,87.04,5,1,0.7777777777777778,-4.5
13,CCOC(=O)c1ccc2c(C(C(=O)NS(=O)(=O)c3ccc(C)cc3OC)c3ccc4c(c3)OCO4)cn(C)c2c1,564.6160000000002,4.037720000000003,1,9,122.16,8,5,0.2413793103448276,-4.6994848
ME3229,CCCCOC(=O)COc1ccc(C(=O)CNC(=O)c2cc3c(s2)CCNC3)cc1OCC(=O)OCCCC,560.6690000000001,3.450700000000002,2,10,129.26,16,3,0.5,-5.1011863
10b,CC(C)(NC(=O)c1cc2ccccc2s1)C(=O)N[C@H](Cc1ccccc1)C(=O)NCCCN1CCOCC1,536.6980000000002,2.9757000000000016,3,6,99.77000000000001,11,4,0.41379310344827586,-5.3289509000000015
25c,CN1CCN(C(=O)CCNC(=O)[C@@H](Cc2ccccc2)NC(=O)C2(NC(=O)c3cc4ccccc4s3)CCCC2)CC1,589.7619999999998,2.9517000000000024,3,6,110.85,10,5,0.4375,-5.6994848
25e,O=C(NC1(C(=O)N[C@H](Cc2ccccc2)C(=O)NCCC(=O)N2CCN(CC3CCOCC3)CC2)CCCC1)c1cc2ccccc2s1,673.8800000000005,3.7485000000000035,3,7,120.08,12,6,0.5135135135135135,-5.5693183
30d,O=C(NC1(C(=O)N[C@H](Cc2ccccc2)C(=O)NCC2CCN(C3CCOCC3)CC2)CCCC1)c1cc2ccccc2s1,616.8280000000007,4.678600000000004,3,6,99.77000000000001,10,6,0.5142857142857142,-5.7979398
21b,CC1CN(CCCNC(=O)[C@@H](Cc2ccccc2)NC(=O)C2(NC(=O)c3cc4ccccc4s3)CCCC2)CC(C)N1,589.806,3.8599000000000023,4,6,102.57,11,5,0.48484848484848486,-5.9593034000000005
20E 22-methyl ether (4),CO[C@H](CCC(C)(C)O)[C@](C)(O)[C@H]1CC[C@@]2(O)C3=CC(=O)[C@@H]4C[C@@H](O)[C@@H](O)C[C@@]4(C)C3CC[C@]12C,494.6690000000004,2.5080999999999998,5,7,127.45000000000002,6,4,0.8928571428571429,-4.79
PoA 2-methyl ether (16),CO[C@H]1C[C@]2(C)C3CC[C@]4(C)[C@@H]([C@@](C)(O)[C@H](O)CCC(C)C)CC[C@@]4(O)C3=CC(=O)[C@@H]2C[C@H]1O,478.67000000000036,3.3932000000000024,4,6,107.22000000000001,6,4,0.8928571428571429,-4.6999998
PoA 3.22-dimethyl ether (20),CO[C@@H]1C[C@H]2C(=O)C=C3C(CC[C@]4(C)[C@@H]([C@@](C)(O)[C@@H](CCC(C)C)OC)CC[C@@]34O)[C@]2(C)C[C@@H]1O,492.69700000000034,4.047300000000004,3,6,96.22000000000001,7,4,0.896551724137931,-4.5380535
Ponasterone A (26),CC(C)CC[C@@H](O)[C@](C)(O)[C@H]1CC[C@@]2(O)C3=CC(=O)[C@@H]4C[C@@H](O)[C@@H](O)C[C@@]4(C)C3CC[C@]12C,464.64300000000026,2.7391000000000005,5,6,118.22,5,4,0.8888888888888888,-4.7199998
Ergonovine,CC(CO)NC(=O)C1C=C2c3cccc4[nH]cc(c34)CC2N(C)C1,325.4120000000001,1.5346000000000002,3,3,68.36,3,4,0.42105263157894735,-5.1684265
Folinic acid,Nc1nc(=O)c2c([nH]1)NCC(CNc1ccc(C(=O)NC(CCC(=O)O)C(=O)O)cc1)N2C=O,473.4460000000002,-0.7310999999999974,7,9,219.83999999999997,10,3,0.3,-7.5214391
Liquiritigenin (LG),O=C1CC(c2ccc(O)cc2)Oc2cc(O)ccc21,256.257,2.8043000000000013,2,4,66.76,1,3,0.13333333333333333,-4.8000002
Ginsenoside Rg1 (Rg1),CC(C)=CCC[C@](C)(O[C@@H]1O[C@@H](CO)[C@@H](O)[C@H](O)[C@H]1O)[C@H]1CC[C@]2(C)[C@@H]1[C@H](O)C[C@@H]1[C@@]3(C)CC[C@H](O)C(C)(C)[C@@H]3C(O[C@@H]3O[C@H](CO)[C@@H](O)[C@H](O)[C@H]3O)C[C@]12C,801.0240000000005,1.1198000000000017,10,14,239.21999999999994,10,6,0.9523809523809523,-6.5883503
Berberrubine (BRB),COc1ccc2cc3[n+](cc2c1O)CCc1cc2c(cc1-3)OCO2,322.3400000000001,2.7933000000000012,1,4,51.80000000000001,1,5,0.21052631578947367,-4.8815303
Ajmalicine (AMC),COC(=O)C1=CO[C@@H](C)[C@H]2CN3CCc4c([nH]c5ccccc45)[C@@H]3C[C@@H]12,352.434,3.1788000000000016,1,4,54.56,1,5,0.47619047619047616,-4.8187928
Ajmaline (AML),CC[C@H]1[C@@H]2C[C@@H]3[C@@H]4N(C)c5ccccc5[C@]45C[C@@H](C2[C@@H]5O)N3[C@@H]1O,326.44,1.5545,2,4,46.94,1,7,0.7,-4.9387093
Beta-colubrine (Col),COc1ccc2c(c1)[C@]13CCN4CC5=CCO[C@@H]6CC(=O)N2[C@@H]1[C@@H]6[C@@H]5C[C@@H]43,364.44500000000005,2.1010999999999997,0,4,42.010000000000005,1,7,0.5909090909090909,-4.5717444
Icajine (Ica),CN1CC[C@]23C(=O)C[C@@H]4C(=CCO[C@H]5CC(=O)N(c6ccccc62)[C@@H]3[C@@H]54)C1,364.44500000000005,1.9092,0,4,49.85,0,7,0.5454545454545454,-4.5816798
Pyr-His-Pro-NH2 (TRH),NC(=O)[C@H]1CCCN1C(=O)[C@@H](Cc1c[nH]cn1)NC(=O)[C@H]1CCC(=O)N1,362.3900000000002,-1.808099999999996,4,5,150.28,6,3,0.5625,-6.8313413
Taxifolin (29),O=C1c2c(O)cc(O)cc2OC(c2ccc(O)c(O)c2)C1O,304.25399999999996,1.1862999999999995,5,7,127.45000000000002,1,3,0.13333333333333333,-6.5093193
11d,Cc1ccc(N2CCN(C(=O)[C@H](C)Cc3ccc(Cl)cc3)CC2)c([C@@H](NC(=O)CCN(C)C)C(C)C)c1,527.1530000000004,4.940820000000005,1,4,55.89,10,3,0.5333333333333333,-4.3886080000000005
11f,Cc1ccc(N2CCN(C(=O)[C@H](C)Cc3ccc(Cl)cc3C)CC2)c([C@@H](NC(=O)CCN(C)C)C(C)C)c1,541.1800000000004,5.249240000000005,1,4,55.89,10,3,0.5483870967741935,-4.7979398
C,O=C(Nc1cccc(C(F)(F)F)c1)c1ccccc1NCc1ccncc1,371.3620000000001,4.964800000000003,2,3,54.02,5,3,0.1,-5.158072
D,CC1(C)CNc2cc(NC(=O)c3cccnc3NCc3ccncc3)ccc21,373.4600000000001,4.044100000000002,3,5,78.94,5,4,0.22727272727272727,-5.489058
32,O=C(Nc1ccc(C(F)(F)F)c(Cl)c1)c1ccnn1CCc1ccncc1,394.7840000000001,4.445300000000003,1,4,59.81,5,3,0.16666666666666666,-5.3400002
3,Cn1c(NCCCN2CCC(Oc3ccc(Cl)c(Cl)c3)CC2)cc(=O)n(C)c1=O,441.35900000000026,2.7362,1,7,68.5,7,3,0.5,-4.8783755
21,Cn1c(N2CCN(CCCN3c4ccccc4Sc4ccc(C(=O)O)cc43)CC2)cc(=O)n(C)c1=O,507.6160000000004,2.597200000000001,1,9,91.02000000000001,6,5,0.34615384615384615,-5.0
23,Cn1c(N2CCCN(CCCN3c4ccccc4Sc4cccc(C(=O)O)c43)CC2)cc(=O)n(C)c1=O,521.6430000000004,2.987300000000001,1,9,91.02000000000001,6,5,0.37037037037037035,-5.8005152
27,Cn1c(N2CCN(CCCN3c4ccccc4Sc4ccc(CC(=O)O)cc43)CC2)cc(=O)n(C)c1=O,521.6430000000004,2.5261000000000005,1,9,91.02000000000001,7,5,0.37037037037037035,-4.9099998
29,Cn1c(N2CCN(CCCN3c4ccccc4Sc4ccc(CCC(=O)O)cc43)CC2)cc(=O)n(C)c1=O,535.6700000000004,2.916200000000001,1,9,91.02000000000001,8,5,0.39285714285714285,-5.29
31,CC(C(=O)O)c1ccc2c(c1)N(CCCN1CCCN(c3cc(=O)n(C)c(=O)n3C)CC1)c1ccccc1S2,549.6970000000002,3.4772000000000016,1,9,91.02000000000001,7,5,0.41379310344827586,-5.1599998
3,CSc1nc2cc(C(=O)N3CCC(C)CC3)ccc2[nH]1,289.40399999999994,3.156900000000001,1,3,48.99,2,3,0.4666666666666667,-4.5418172
"L1 (1,2-dimethyl-3 hydroxypyridin-4-one)",Cc1c(O)c(=O)ccn1C,139.154,0.39931999999999984,1,3,42.23,0,1,0.2857142857142857,-4.8885303
Me-(S)-IZD,Cc1cc(C[C@H](NS(=O)(=O)c2ccccc2)c2nc3ccccc3[nH]2)ccc1[C@@H]1CC(=O)N=S1(=O)[O-],523.6160000000002,3.703420000000002,2,6,144.41,7,5,0.2,-6.3989701
Acrylamide,C=CC(N)=O,71.079,-0.3423,1,1,43.09,1,0,0.0,-4.5693183
Dihydrotetrabenazine isomer A,COc1cc2c(cc1OC)[C@H]1C[C@H](O)[C@@H](CC(C)C)CN1CC2,319.4450000000001,3.0299000000000014,1,4,41.93,4,3,0.6842105263157895,-4.6799998
Ethylparaben,CCOC(=O)c1ccc(O)cc1,166.176,1.5689,1,3,46.53,2,1,0.2222222222222222,-4.8102908
5'-L-phenylalanyl-cytarabine (5),N[C@@H](Cc1ccccc1)C(=O)OC[C@H]1O[C@@H](n2ccc(O)nc2=O)[C@@H](O)[C@@H]1O,391.38000000000005,-1.3186999999999995,4,10,157.13,6,3,0.3888888888888889,-5.6999998
Astilbin,C[C@@H]1O[C@@H](O[C@@H]2C(=O)c3c(O)cc(O)cc3O[C@H]2c2ccc(O)c(O)c2)[C@H](O)[C@H](O)[C@H]1O,450.39600000000013,0.038099999999999745,7,11,186.37,3,4,0.38095238095238093,-6.820000200000001
Methyl gallate,COC(=O)c1cc(O)c(O)c(O)c1,184.147,0.5899999999999996,3,5,86.99000000000001,1,1,0.125,-5.3899999
Ketamine,CNC1(c2ccccc2Cl)CCCCC1=O,237.7299999999999,2.897800000000001,1,2,29.1,2,2,0.46153846153846156,-4.2600002
12,COCCOCCOCC(=O)Nc1ccc(S(=O)(=O)Nc2nncs2)cc1,416.4810000000001,0.9569999999999995,2,9,128.74,12,2,0.4,-6.2399998
S1,C=CCNC(=O)C(=O)C(CCC)NC(=O)C1CC2CN1C(=O)C(C1CCCCC1)NC(=O)Cc1cccc(c1)OCCC(C)(C)O2,638.8060000000002,2.997600000000003,3,7,143.14,9,4,0.6285714285714286,-5.0300002
S2,C=CCNC(=O)C(=O)C(CCC)NC(=O)C1C2C(CN1C(=O)C(NC(=O)NC(C(=O)C(C)C)C(C)C)C(C)(C)C)C2(C)C,603.8050000000001,2.5892000000000026,4,6,153.78,14,2,0.75,-5.29
4d,Cc1cc(C(=O)Nc2ccc(-c3ccccc3S(C)(=O)=O)cc2F)n(-c2cccc(CN)c2)n1,478.54900000000026,4.101320000000002,2,6,107.08,6,4,0.12,-5.5
II,CC(C)C[C@H](O)[C@H](O)[C@H](CC1CCCCC1)NC(=O)OC(C)(C)C,343.50800000000004,3.618000000000002,3,4,78.79,7,1,0.9473684210526315,-4.1799998
3'-L-Ile-FUdR,CC[C@H](C)[C@H](N)C(=O)O[C@@H]1C[C@@H](n2cc(F)c(=O)[nH]c2=O)O[C@H]1CO,359.3540000000001,-0.7592999999999983,3,8,136.64000000000001,6,2,0.6666666666666666,-5.5599999
5'-L-Asp-FUdR,NC(CC(=O)O)C(=O)OC[C@@H]1O[C@H](n2cc(F)c(=O)[nH]c2=O)C[C@H]1O,361.2820000000001,-2.330699999999998,4,9,173.94,6,2,0.5384615384615384,-6.4899998
Acetyl-Trp-Ala-Gly-Gly-Asn-Ala-Amide,CC(=O)N[C@@H](Cc1c[nH]c2ccccc12)C(=O)N[C@@H](C)C(=O)NCC(=O)NCC(=O)N[C@@H](CC(N)=O)C(=O)N[C@@H](C)C(N)=O,615.6480000000003,-3.6976000000000004,9,8,276.57,16,2,0.4074074074074074,-7.29
Daunorubicin,COc1cccc2c1C(=O)c1c(O)c3c(c(O)c1C2=O)C[C@@](O)(C(C)=O)C[C@@H]3O[C@H]1C[C@H](N)[C@H](O)[C@H](C)O1,527.5260000000003,1.0288999999999997,5,11,185.84,4,5,0.4444444444444444,-6.0999999
PDE-310,ON1C=CC=C(c2cc3nccc(-c4ccc(OC(F)F)c(OCC5CC5)c4)n3n2)C1,426.42300000000023,4.388400000000003,1,7,72.12,7,5,0.2727272727272727,-4.71
Cerivastatin,COCc1c(C(C)C)nc(C(C)C)c(/C=C/[C@@H](O)C[C@@H](O)CC(=O)O)c1-c1ccc(F)cc1,459.5580000000002,4.8807000000000045,3,5,99.88000000000001,11,2,0.46153846153846156,-5.27
23,O=C1NCC2(CCCNC2)c2[nH]c(-c3ccnc(-c4ccc5c(c4)OCO5)n3)cc21,403.4420000000002,2.232,3,6,101.16000000000001,2,6,0.3181818181818182,-5.4699998
24,COc1cncc(-c2nccc(-c3cc4c([nH]3)C3(CCCNC3)CNC4=O)n2)c1,390.4470000000002,1.9068999999999994,3,6,104.82000000000001,3,5,0.3333333333333333,-5.6999998
5d,CN1CCN(Cc2ccc(C(c3nnnn3Cc3ccccc3)N3CCCN(C4CCC4)CC3)cc2)CC1,514.7220000000003,3.1184000000000003,0,8,56.56000000000001,8,6,0.5666666666666667,-6.0999999
13c,CN1C(=O)CC(N2CCN(CCCN3c4ccccc4COc4ccc(CC(=O)O)cc43)CC2)N(C)C1=O,521.6180000000004,2.5919000000000008,1,7,96.87,7,5,0.4642857142857143,-5.52
13h,CN1C(=O)CC(N2CCCN(CCCN3c4ccccc4CCc4ccc(C(=O)O)cc43)CC2)N(C)C1=O,519.6460000000004,3.2593000000000005,1,6,87.64000000000001,6,5,0.4827586206896552,-5.3600001
(Z)-19f,CN1C(=O)CC(N2CCCN(CC/C=C3/c4ccccc4CCc4ccc(CC(=O)O)cc43)CC2)N(C)C1=O,530.6690000000004,3.4818000000000024,1,5,84.4,6,5,0.45161290322580644,-5.3200002
MMMDPB,COCN1C(=O)NC(=O)C(c2ccccc2)(c2ccccc2)C1=O,324.33600000000007,1.6549999999999996,1,4,75.71000000000001,4,3,0.16666666666666666,-4.5
Ac-C8-Enk-NH (3),CCCCCC[C@H](NC(C)=O)C(=O)N[C@@H](Cc1ccc(O)cc1)C(=O)NCC(=O)NCC(=O)N[C@@H](Cc1ccccc1)C(=O)N[C@@H](CC(C)C)C(N)=O,737.899,0.870700000000006,8,8,237.92,23,2,0.5,-5.9699998
Rivulobirin A,C=C(C)C(COc1c2occc2cc2ccc(=O)oc12)OC(C)(C)C(O)COc1c2occc2cc2ccc(=O)oc12,572.5660000000004,5.950400000000006,1,10,134.62,10,6,0.25,-4.48
Capric acid (decanoic acid),CCCCCCCCCC(=O)O,172.268,3.2117000000000013,1,1,37.3,8,0,0.9,-4.6799998
Apometzgerin (2),COc1cc(-c2cc(=O)c3c(O)cc(O)cc3o2)cc(O)c1OC,330.2920000000001,2.5940000000000003,3,7,109.36000000000001,3,3,0.11764705882352941,-4.9499998
3,COC(=O)C[C@@H](C(=O)NN(Cc1ccc(/C=C\c2ccccc2)cc1)C[C@@](O)(Cc1ccccc1)C(=O)NC1c2ccccc2C[C@H]1O)C(C)(C)C,703.8800000000001,5.663900000000007,4,7,128.2,14,5,0.32558139534883723,-5.079999900000002
51d,COc1ccc2c(O[C@@H]3C[C@H]4C(=O)N[C@]5(C(=O)NS(=O)(=O)C6CC6)C[C@H]5/C=C\CCCCN(C)C(=O)[C@@H]4C3)nc(-c3cccc(F)c3)nc2c1C,719.8360000000001,4.208320000000003,2,9,156.89,7,7,0.4864864864864865,-5.3000002
Cycloheximide,C[C@H]1C[C@H](C)C(=O)[C@H]([C@H](O)CC2CC(=O)NC(=O)C2)C1,281.35200000000003,1.0415,2,4,83.47,3,2,0.8,-4.8400002
